type,id,file_version.type,file_version.id,file_version.sha1,sequence_id,etag,sha1,name
file,1772134478157,file_version,1952451194157,9f3c2c1309ad0007b424f6a65282af77219ec54e,0,0,9f3c2c1309ad0007b424f6a65282af77219ec54e,Bonita_18.csv
file,1772144600780,file_version,1952461513580,de45d50de34f48b12dc188005bdc1b76fd466beb,0,0,de45d50de34f48b12dc188005bdc1b76fd466beb,Bonita_19.csv
file,1772151390684,file_version,1952469337884,4ddfc0cf29e1c5c2e20909d6d1b21ffc5fdbfb7c,0,0,4ddfc0cf29e1c5c2e20909d6d1b21ffc5fdbfb7c,Bonita_20.csv
file,1772152509457,file_version,1952470631857,c48803eb492dcb78faa1f69bee7055e29799f0d6,0,0,c48803eb492dcb78faa1f69bee7055e29799f0d6,Bonita_21.csv
file,1772157755131,file_version,1952475769531,df1696afad8a122650c715eb118d4c634bd3eac3,0,0,df1696afad8a122650c715eb118d4c634bd3eac3,Bonita_22.csv
file,1772150714376,file_version,1952468447976,35bb6e26fafc6080906b0a21d09568d3657dcd85,0,0,35bb6e26fafc6080906b0a21d09568d3657dcd85,Bonita_23.csv
file,1772152158197,file_version,1952469992597,a1f9726b1349b3017f4dad7159c78d7b574494e3,0,0,a1f9726b1349b3017f4dad7159c78d7b574494e3,Bonita_24.csv
file,1772155031848,file_version,1952473055848,f66690d5bd1917e975cc2dd5214516fb4bf194a5,0,0,f66690d5bd1917e975cc2dd5214516fb4bf194a5,Bonita_25.csv
file,1902920608572,file_version,2099006692572,789bf42b1f9a6bb6c38c22d06ca415a4c87357e8,0,0,789bf42b1f9a6bb6c38c22d06ca415a4c87357e8,DSN003-S_17_003.csv
file,1902928333280,file_version,2099014234880,4a07f873ed2664782fe27241a168ecc28df1b9c0,0,0,4a07f873ed2664782fe27241a168ecc28df1b9c0,DSN003-S_18_007.csv
file,1902918688063,file_version,2099004817663,ecdb3b8879a67c58dfc2886c24d2c5f332357a78,0,0,ecdb3b8879a67c58dfc2886c24d2c5f332357a78,DSN003-S_19_005.csv
file,1902928821190,file_version,2099014398790,f49dc11b1ef1f38904ada54a008d5d15725e68cc,0,0,f49dc11b1ef1f38904ada54a008d5d15725e68cc,DSN003-S_20_004.csv
file,1902933078118,file_version,2099019025318,675486f5ceb55088abde337583926fafb66b1c88,0,0,675486f5ceb55088abde337583926fafb66b1c88,DSN003-S_21_008.csv
file,1902917510117,file_version,2099003970917,4d8f10004d31d4ff6bc895efbb8f082bf3ee40a7,0,0,4d8f10004d31d4ff6bc895efbb8f082bf3ee40a7,DSN003-S_22_009.csv
file,1902919600232,file_version,2099005557032,f1cb2251294122ea58e4fe518b69dd64b5ddf5e4,0,0,f1cb2251294122ea58e4fe518b69dd64b5ddf5e4,DSN003-S_23_001.csv
file,1902922712730,file_version,2099008609530,245aa9e4730b882f86b4302e63eaca27c022ed74,0,0,245aa9e4730b882f86b4302e63eaca27c022ed74,DSN003-S_24_002.csv
file,1902928705664,file_version,2099015027264,351ee2c60ae7f3223de0a2528f04fd69bec070b4,0,0,351ee2c60ae7f3223de0a2528f04fd69bec070b4,DSN003-S_25_006.csv
file,1903009480204,file_version,2099109244204,82fa56d2872ce8023dc8dab0a2542b9b332e11cf,0,0,82fa56d2872ce8023dc8dab0a2542b9b332e11cf,DSN003-S_25_009.csv
file,1770953211975,file_version,1951129009575,da66810547669a13e892726a3d39c714b89c0f75,1,1,da66810547669a13e892726a3d39c714b89c0f75,DSN003-S_Sugarloaf_25.csv
file,1902504114986,file_version,2098538454986,aff490f76f5c0c2112ad94867a1bd8472097ca4d,0,0,aff490f76f5c0c2112ad94867a1bd8472097ca4d,DSN003_Sugarloaf_17.csv
file,1902505482805,file_version,2098539760405,f2ecdddf9faf0a7478b283f37a38f8df7531c104,0,0,f2ecdddf9faf0a7478b283f37a38f8df7531c104,DSN003_Sugarloaf_18.csv
file,1902500151832,file_version,2098534052632,58d574545bc08955a186011454f64dc53c8c390e,0,0,58d574545bc08955a186011454f64dc53c8c390e,DSN003_Sugarloaf_19.csv
file,1902505021852,file_version,2098539304252,987738e484756db0371c9f6d6a61a55bec10e59f,0,0,987738e484756db0371c9f6d6a61a55bec10e59f,DSN003_Sugarloaf_20.csv
file,1902493811844,file_version,2098528233444,0f16074e3cc0eae8423a5414d61327ee22a5994c,0,0,0f16074e3cc0eae8423a5414d61327ee22a5994c,DSN003_Sugarloaf_21.csv
file,1902497159378,file_version,2098531444178,89a4bac0939b9c51179bd198ed8f055800cf0113,0,0,89a4bac0939b9c51179bd198ed8f055800cf0113,DSN003_Sugarloaf_22.csv
file,1902506060633,file_version,2098540393433,2449b9317dfd8ab404da556d5b6202687f9dfb87,0,0,2449b9317dfd8ab404da556d5b6202687f9dfb87,DSN003_Sugarloaf_23.csv
file,1902498047052,file_version,2098532552652,303f0a45d6d64d392cc42eda0c9dbdf2df91a59c,0,0,303f0a45d6d64d392cc42eda0c9dbdf2df91a59c,DSN003_Sugarloaf_24.csv
file,1879478977845,file_version,2072831387445,1682e4553ac24ae052554d68fecc0221cba528c2,0,0,1682e4553ac24ae052554d68fecc0221cba528c2,DSN006-S_22_001.csv
file,1879472790165,file_version,2072825564565,2af848de21ea7fad6823d5f55be646f9421fe961,0,0,2af848de21ea7fad6823d5f55be646f9421fe961,DSN006-S_23_002.csv
file,1879473673786,file_version,2072826416986,50b6d1ab4a3012d3ecc13f3163924926f76d3cb0,0,0,50b6d1ab4a3012d3ecc13f3163924926f76d3cb0,DSN006-S_24_003.csv
file,1879480379018,file_version,2072832829418,f87293c77ff012bd948aea3e5866da5967f6985e,0,0,f87293c77ff012bd948aea3e5866da5967f6985e,DSN006-S_25_004.csv
file,1766172098106,file_version,1945702283706,d8431c07bc4ea251094445c0a0d80e4b252b948f,0,0,d8431c07bc4ea251094445c0a0d80e4b252b948f,DSN006_KPNO_23.csv
file,1766175663623,file_version,1945705743623,e8367052cbdebf402afd7387e8b4d6df4e715c2b,0,0,e8367052cbdebf402afd7387e8b4d6df4e715c2b,DSN006_KPNO_24.csv
file,1879355793369,file_version,2072701427769,62504037c25d5256918b368a4148e6169497d79b,0,0,62504037c25d5256918b368a4148e6169497d79b,DSN008-S_25_002.csv
file,1879356709722,file_version,2072702332122,d11aeaa17cd334cb9dbd85dadf353f416efce93d,1,1,d11aeaa17cd334cb9dbd85dadf353f416efce93d,DSN014-S_25_001.csv
file,1879356301589,file_version,2072701880789,129bb70180abc42be7c0385d36a37c13a5c4e4a6,0,0,129bb70180abc42be7c0385d36a37c13a5c4e4a6,DSN014-S_25_002.csv
file,1879345730095,file_version,2072691203695,489e244922a97ad27f699e74f90fe9674c6facb1,0,0,489e244922a97ad27f699e74f90fe9674c6facb1,DSN014-S_25_003.csv
file,1879355922493,file_version,2072701535293,8c9b5482866e981c12ec8594f06ffdffef3a9398,0,0,8c9b5482866e981c12ec8594f06ffdffef3a9398,DSN014-S_25_004.csv
file,1879356945218,file_version,2072702498018,129bb70180abc42be7c0385d36a37c13a5c4e4a6,0,0,129bb70180abc42be7c0385d36a37c13a5c4e4a6,DSN014-S_25_005.csv
file,1879355157016,file_version,2072700729016,2538e4546830b338452cce10b8d7c02a3663d44d,0,0,2538e4546830b338452cce10b8d7c02a3663d44d,DSN014-S_25_006.csv
file,1896609033117,file_version,2091990613917,3b11ea7c2cd984087f58ba7e44c8552eb63ff4ca,0,0,3b11ea7c2cd984087f58ba7e44c8552eb63ff4ca,DSN014-S_25_007.csv
file,1915584306989,file_version,2113110143789,743b65ac4e2877e1e91bb22c09eb36375d4f345c,0,0,743b65ac4e2877e1e91bb22c09eb36375d4f345c,DSN014-S_25_009.csv
file,1901009194825,file_version,2096881290025,d36548625323f5fedd05425faa77cc8e33940e2e,0,0,d36548625323f5fedd05425faa77cc8e33940e2e,DSN016-S_00_002.csv
file,1879350010932,file_version,2072695491732,52bce3b8be00d9b52ce69effbb87ffef980856c5,0,0,52bce3b8be00d9b52ce69effbb87ffef980856c5,DSN019-S_19_001.csv
file,1879351994061,file_version,2072697510861,bcc8c8fdf7c3b95a9b8d08a2933fe79eea758b73,0,0,bcc8c8fdf7c3b95a9b8d08a2933fe79eea758b73,DSN019-S_20_002.csv
file,1879352780521,file_version,2072698371721,1f1d9f1afcc7eabc98c4a5be97ce9832cf0b2f0b,0,0,1f1d9f1afcc7eabc98c4a5be97ce9832cf0b2f0b,DSN019-S_21_003.csv
file,1879352632240,file_version,2072698273840,7afbba1fa9f670db2315e2b51e215556672f032a,0,0,7afbba1fa9f670db2315e2b51e215556672f032a,DSN019-S_22_004.csv
file,1879356722317,file_version,2072702347117,1d6ea77c0621b63f5dec7c3cf2664113a8a23fa8,0,0,1d6ea77c0621b63f5dec7c3cf2664113a8a23fa8,DSN019-S_23_005.csv
file,1879345454164,file_version,2072690867764,89bc72750b65af0f019041d8e77db57113080289,0,0,89bc72750b65af0f019041d8e77db57113080289,DSN019-S_24_006.csv
file,1879354960787,file_version,2072700501587,ee53d4d3e18e80111e3df03e16e1587e7e499d95,0,0,ee53d4d3e18e80111e3df03e16e1587e7e499d95,DSN019-S_25_007.csv
file,1769160570272,file_version,1949107547072,e80d09e4a758d951eb91dfe7c17ae192c0e2f27a,0,0,e80d09e4a758d951eb91dfe7c17ae192c0e2f27a,DSN019_MtLemmon_19.csv
file,1769165070194,file_version,1949111264594,a005769fb8946185194446388533bd2606985dfb,0,0,a005769fb8946185194446388533bd2606985dfb,DSN019_MtLemmon_20.csv
file,1769166883188,file_version,1949113835988,1093ae98bf454ab650427addd5f05d5c562c4853,0,0,1093ae98bf454ab650427addd5f05d5c562c4853,DSN019_MtLemmon_21.csv
file,1769169155528,file_version,1949115784328,d3194bb9d6a93a29c8747a6d7513107b5eefccad,0,0,d3194bb9d6a93a29c8747a6d7513107b5eefccad,DSN019_MtLemmon_22.csv
file,1769156574679,file_version,1949101429879,2107748646756e34f432d72cd3cbe7727309b7bf,0,0,2107748646756e34f432d72cd3cbe7727309b7bf,DSN019_MtLemmon_23.csv
file,1769155394356,file_version,1949100184756,193c8e1027cd4d1e079cf9726a9a06f23faa298b,0,0,193c8e1027cd4d1e079cf9726a9a06f23faa298b,DSN019_MtLemmon_24.csv
file,1912329318826,file_version,2109524490826,89e2b6a757a79645508b74b51e31c3e31d5027a2,0,0,89e2b6a757a79645508b74b51e31c3e31d5027a2,DSN021-S_25_001.csv
file,1912328449720,file_version,2109523537720,40f2af258a18f47d4e3258b580851a3c38a70184,0,0,40f2af258a18f47d4e3258b580851a3c38a70184,DSN021-S_25_002.csv
file,1912326272532,file_version,2109521314932,4274d014eb8eaf21976e05c6ce14c2759e73a319,0,0,4274d014eb8eaf21976e05c6ce14c2759e73a319,DSN021-S_25_003.csv
file,1892344664692,file_version,2087281667092,b7878cf3359bff8cbab35b4c09a1218f27c97608,0,0,b7878cf3359bff8cbab35b4c09a1218f27c97608,DSN021-S_25_004.csv
file,1769546459369,file_version,1949541541769,5450a7b6bd988381f16a9e123ab27395b0221712,3,3,5450a7b6bd988381f16a9e123ab27395b0221712,DSN021-T_JB_23.csv
file,1769550462303,file_version,1949545767903,4f1a28c09a28f68c4e48d0f19a36cf49c85852bd,3,3,4f1a28c09a28f68c4e48d0f19a36cf49c85852bd,DSN021-T_JB_24.csv
file,1785375570452,file_version,1967353002452,4fe0fdc9dc588202630d0ae29f39462f367025d3,0,0,4fe0fdc9dc588202630d0ae29f39462f367025d3,DSN021-T_JB_25.csv
file,1892398290447,file_version,2087345142447,003ec71332755436bc3ed8f726a2683b99a326ab,0,0,003ec71332755436bc3ed8f726a2683b99a326ab,DSN022-S_25_001.csv
file,1892401597319,file_version,2087347846919,f533191fb63c0241217dafb09a61b457aa393dde,0,0,f533191fb63c0241217dafb09a61b457aa393dde,DSN022-S_25_002.csv
file,1892443516326,file_version,2087389657926,8156d7de7dd07c1262da71660295fd79a922d68e,0,0,8156d7de7dd07c1262da71660295fd79a922d68e,DSN022-S_25_003.csv
file,1892408147575,file_version,2087353079575,f78c058da24671fff5f3cf36336a957edd590210,0,0,f78c058da24671fff5f3cf36336a957edd590210,DSN022-S_25_004.csv
file,1892350878864,file_version,2087288702064,a2412530b1961772c30f430cd4046e08011af377,0,0,a2412530b1961772c30f430cd4046e08011af377,DSN022-S_25_005.csv
file,1892421683059,file_version,2087368244659,f596eb08240770583a3a172d7095bec1d534c84c,0,0,f596eb08240770583a3a172d7095bec1d534c84c,DSN024-S_25_001.csv
file,1912453405382,file_version,2109663327782,1a0c0d9eb7c2caf9a17e52e08e278f0484adb9af,0,0,1a0c0d9eb7c2caf9a17e52e08e278f0484adb9af,DSN024-S_25_002.csv
file,1892398691182,file_version,2087345835982,9571c2ffdb39fb6a2013025f776659736d94c946,0,0,9571c2ffdb39fb6a2013025f776659736d94c946,DSN024-S_25_003.csv
file,1892345740678,file_version,2087284507078,16bac580d091078105b0a28b618b32096c9e08ac,0,0,16bac580d091078105b0a28b618b32096c9e08ac,DSN024-S_25_004.csv
file,1892248453398,file_version,2087173405398,d07acded7c078c30228cadab8a6d982a3cc6fe06,0,0,d07acded7c078c30228cadab8a6d982a3cc6fe06,DSN024-S_25_005.csv
file,1912412228908,file_version,2109618409708,8e0feaae94490d84da23192c24d2fa4572a500d2,0,0,8e0feaae94490d84da23192c24d2fa4572a500d2,DSN029-T_2019_005.csv
file,1912413097756,file_version,2109619444156,9fadf670585f44a2efffbd5a876b832cc2cae208,0,0,9fadf670585f44a2efffbd5a876b832cc2cae208,DSN029-T_2019_007.csv
file,1912412925164,file_version,2109618777164,1146a3b0ac933c77d5328b8ec56a12c65743ad17,0,0,1146a3b0ac933c77d5328b8ec56a12c65743ad17,DSN029-T_2019_008.csv
file,1912412308281,file_version,2109618505881,5db5271caa5a48703fd37e4d46fccc93e65a7f9d,0,0,5db5271caa5a48703fd37e4d46fccc93e65a7f9d,DSN029-T_2019_009.csv
file,1912417046138,file_version,2109623409338,6eb262596bf79b5997e1e7e48fd313eaebe3f2cc,0,0,6eb262596bf79b5997e1e7e48fd313eaebe3f2cc,DSN029-T_2019_010.csv
file,1912418707181,file_version,2109625067981,d4af186dc711daf8977442976d3f3eb8d7919816,0,0,d4af186dc711daf8977442976d3f3eb8d7919816,DSN029-T_2019_011.csv
file,1912418639714,file_version,2109624969314,5813a2e1e917c42dc44cf2a6e720f0a367ce6da1,0,0,5813a2e1e917c42dc44cf2a6e720f0a367ce6da1,DSN029-T_2019_012.csv
file,1912411648115,file_version,2109618073715,1a19a6411044715157b3ecdc9019c820c4ea75fb,0,0,1a19a6411044715157b3ecdc9019c820c4ea75fb,DSN029-T_2020_001.csv
file,1912421425620,file_version,2109627642420,43d8bc6168f9aa6bd482f0713b46dbbf52b5f317,0,0,43d8bc6168f9aa6bd482f0713b46dbbf52b5f317,DSN029-T_2020_002.csv
file,1912418176571,file_version,2109624261371,223715b7553123572033b6f12d452f09857a96d0,0,0,223715b7553123572033b6f12d452f09857a96d0,DSN029-T_2020_003.csv
file,1912413836580,file_version,2109620154180,3d4ce9c7331cc7b9337738e5af2aaabf4a0a5d7c,0,0,3d4ce9c7331cc7b9337738e5af2aaabf4a0a5d7c,DSN029-T_2020_004.csv
file,1912421768872,file_version,2109627928072,b0b0e1dde9bc7bb9af1fba66c63c3d79ea8b47ac,0,0,b0b0e1dde9bc7bb9af1fba66c63c3d79ea8b47ac,DSN029-T_2020_005.csv
file,1912421212142,file_version,2109627431342,6ef488802f3765e173c70ffbf66d8d0a67954ed2,0,0,6ef488802f3765e173c70ffbf66d8d0a67954ed2,DSN029-T_2020_006.csv
file,1912420806082,file_version,2109626998882,206afaf9eefc97202220af6e99d272346b7dd7fa,0,0,206afaf9eefc97202220af6e99d272346b7dd7fa,DSN029-T_2020_007.csv
file,1912413208277,file_version,2109619597877,8b6b97f969454ac4f1779be8e855372de0d046cc,0,0,8b6b97f969454ac4f1779be8e855372de0d046cc,DSN029-T_2020_008.csv
file,1912415596698,file_version,2109621887898,e36ca902861128995d5689b385c2987194882696,0,0,e36ca902861128995d5689b385c2987194882696,DSN029-T_2020_009.csv
file,1912421857672,file_version,2109628038472,d208d7601b18026245a0a684988693293e3f35ad,0,0,d208d7601b18026245a0a684988693293e3f35ad,DSN029-T_2020_010.csv
file,1912411355928,file_version,2109617644728,a8babc1b6f0bb7c26f6defcb489c299925c0359f,0,0,a8babc1b6f0bb7c26f6defcb489c299925c0359f,DSN029-T_2020_011.csv
file,1912420530694,file_version,2109626697094,0965528395a55099c3e0c3fd59ff3962d90a62d1,0,0,0965528395a55099c3e0c3fd59ff3962d90a62d1,DSN029-T_2020_012.csv
file,1912419327896,file_version,2109625599896,c14428fbf31612be4454b08ad76d51a4bd9552dc,0,0,c14428fbf31612be4454b08ad76d51a4bd9552dc,DSN029-T_2021_001.csv
file,1912417730108,file_version,2109624112508,3e6ced0ad7a7ccc6ed4e8f3d189f647b90a31bd8,0,0,3e6ced0ad7a7ccc6ed4e8f3d189f647b90a31bd8,DSN029-T_2021_002.csv
file,1912413045147,file_version,2109619242747,72125ffc962bca1ab42fb43324bb3cd780365974,0,0,72125ffc962bca1ab42fb43324bb3cd780365974,DSN029-T_2021_003.csv
file,1912413011627,file_version,2109619439627,58c16e1444c7a43e69ef0c5b2f459e4655a11fd0,0,0,58c16e1444c7a43e69ef0c5b2f459e4655a11fd0,DSN029-T_2021_004.csv
file,1912414744208,file_version,2109620857808,6dede33bd84e534c49d04622051f20aa3d5f3419,0,0,6dede33bd84e534c49d04622051f20aa3d5f3419,DSN029-T_2021_005.csv
file,1912413507777,file_version,2109619506177,ee59e76af32c1563047c00721ac3c61ec42e1ba6,0,0,ee59e76af32c1563047c00721ac3c61ec42e1ba6,DSN029-T_2021_006.csv
file,1912413837570,file_version,2109619648770,80f0904818f8654be831d931aabd3ee9e0c7abaa,0,0,80f0904818f8654be831d931aabd3ee9e0c7abaa,DSN029-T_2021_007.csv
file,1912416467387,file_version,2109622708187,212dd8a76f18d56e766e5f3fddbfc263e215da54,0,0,212dd8a76f18d56e766e5f3fddbfc263e215da54,DSN029-T_2021_008.csv
file,1912419193524,file_version,2109625722324,c02ec5eb6a042bd7bd1ebb2148f95d1914d48f57,0,0,c02ec5eb6a042bd7bd1ebb2148f95d1914d48f57,DSN029-T_2021_009.csv
file,1912419512441,file_version,2109626017241,8730c8beb2ca539bc3d7ffd1af7aeeaa1c2be12f,0,0,8730c8beb2ca539bc3d7ffd1af7aeeaa1c2be12f,DSN029-T_2021_010.csv
file,1912422896505,file_version,2109629058105,1986162edd8a4e1fe0151fc8fcb5b5f18788c6b1,0,0,1986162edd8a4e1fe0151fc8fcb5b5f18788c6b1,DSN029-T_2021_011.csv
file,1912417725288,file_version,2109624136488,a95f0a34683a6cc8d3bfa906984fff74bc2ad7cf,0,0,a95f0a34683a6cc8d3bfa906984fff74bc2ad7cf,DSN029-T_2021_012.csv
file,1912421708942,file_version,2109627992942,b3defdac12318dc23a76a5f32aeadf64d56bf416,0,0,b3defdac12318dc23a76a5f32aeadf64d56bf416,DSN029-T_2022_001.csv
file,1912411434935,file_version,2109617723735,39ac7a3e3c0cd3fc5eab641e1f9ff69c4ddb91bd,0,0,39ac7a3e3c0cd3fc5eab641e1f9ff69c4ddb91bd,DSN029-T_2022_002.csv
file,1912423268810,file_version,2109629413610,2b0cc7d165fce0dfecb4f7ef6061563376e6ff23,0,0,2b0cc7d165fce0dfecb4f7ef6061563376e6ff23,DSN029-T_2022_003.csv
file,1912411487166,file_version,2109617857566,ec80981d525093ff093d97c455e663e80685c38d,0,0,ec80981d525093ff093d97c455e663e80685c38d,DSN029-T_2022_004.csv
file,1912417744290,file_version,2109624172290,fe758a6444a6ab603af5542fb65058f23fb0fbdf,0,0,fe758a6444a6ab603af5542fb65058f23fb0fbdf,DSN029-T_2022_005.csv
file,1912415985509,file_version,2109622247909,31c5a1706c5b712de1ec0f8db0c6e48e0dea86cd,0,0,31c5a1706c5b712de1ec0f8db0c6e48e0dea86cd,DSN029-T_2022_006.csv
file,1912412058778,file_version,2109618193978,527540919c959d08409ae4d5509a532701b55f0a,0,0,527540919c959d08409ae4d5509a532701b55f0a,DSN029-T_2022_007.csv
file,1912422567620,file_version,2109628870820,c66a5dee8630a958e5a0b8ddea1ed2a05fcdea46,0,0,c66a5dee8630a958e5a0b8ddea1ed2a05fcdea46,DSN029-T_2022_008.csv
file,1912416966712,file_version,2109623433112,b935cf94bc965c96d60d3944bbfc15f403cd4008,0,0,b935cf94bc965c96d60d3944bbfc15f403cd4008,DSN029-T_2022_009.csv
file,1912418608485,file_version,2109625017285,65300d9a1ac23113476af8e23c1ad3f9e85a99c9,0,0,65300d9a1ac23113476af8e23c1ad3f9e85a99c9,DSN029-T_2022_010.csv
file,1912413801318,file_version,2109619862118,6e7bb665fd9dd997596f0d4ac813757ce7629302,0,0,6e7bb665fd9dd997596f0d4ac813757ce7629302,DSN029-T_2022_011.csv
file,1912413166801,file_version,2109619470001,0754b0b70f32dd44012fa087e2d8a0900aac3e11,0,0,0754b0b70f32dd44012fa087e2d8a0900aac3e11,DSN029-T_2022_012.csv
file,1912423796869,file_version,2109630028069,70034585e3973f3db3318ffccdb0f3d0b7c6b5aa,0,0,70034585e3973f3db3318ffccdb0f3d0b7c6b5aa,DSN029-T_2023_001.csv
file,1912422659814,file_version,2109628919814,0e4ea3c00b6fa6e4a8fae3c69a68f19b5727ca7f,0,0,0e4ea3c00b6fa6e4a8fae3c69a68f19b5727ca7f,DSN029-T_2023_002.csv
file,1912411763166,file_version,2109618174366,f3b3c305acea8304f7aca03a10b5704878f1ae98,0,0,f3b3c305acea8304f7aca03a10b5704878f1ae98,DSN029-T_2023_003.csv
file,1912419729314,file_version,2109626217314,5383ced7afb2156f677b1036724e5333b0ddc7b6,0,0,5383ced7afb2156f677b1036724e5333b0ddc7b6,DSN029-T_2023_004.csv
file,1912416788936,file_version,2109623065736,b86cc7798b908d435a39549d384cb8d2c26b0040,0,0,b86cc7798b908d435a39549d384cb8d2c26b0040,DSN029-T_2023_005.csv
file,1912419390309,file_version,2109625880709,6e2646a4281e8753923344bc465616d422b3c21f,0,0,6e2646a4281e8753923344bc465616d422b3c21f,DSN029-T_2023_006.csv
file,1912412468570,file_version,2109618742970,b33d2602c7acba505b40da3e9bf6608b3c878148,0,0,b33d2602c7acba505b40da3e9bf6608b3c878148,DSN029-T_2023_007.csv
file,1912412922515,file_version,2109619513715,a707f40707d31b32ea36683e3b7a23fab0443057,0,0,a707f40707d31b32ea36683e3b7a23fab0443057,DSN029-T_2023_008.csv
file,1912417702993,file_version,2109624075793,8d818fe2508de98e694a20c9c9ef1ed3e1cc28b9,0,0,8d818fe2508de98e694a20c9c9ef1ed3e1cc28b9,DSN029-T_2023_009.csv
file,1912417821069,file_version,2109624556269,87521eb7eb9696bd06985ae5766d241d6815a827,0,0,87521eb7eb9696bd06985ae5766d241d6815a827,DSN029-T_2023_010.csv
file,1912418370743,file_version,2109624676343,55df0f1082dde29f09d6b090933802d00a355b61,0,0,55df0f1082dde29f09d6b090933802d00a355b61,DSN029-T_2023_011.csv
file,1912417019901,file_version,2109623390301,85582fbe406f18de4fa34c8d18d4e0dfb893a10d,0,0,85582fbe406f18de4fa34c8d18d4e0dfb893a10d,DSN029-T_2023_012.csv
file,1912351619742,file_version,2109549083742,1a373b976e54eab9bdeb21a948e568e30d67af79,0,0,1a373b976e54eab9bdeb21a948e568e30d67af79,DSN029-T_2024_001.csv
file,1912351194305,file_version,2109548617505,3c2cf65e1240e1c7ab40c0bcdb436b3cdf555531,0,0,3c2cf65e1240e1c7ab40c0bcdb436b3cdf555531,DSN029-T_2024_002.csv
file,1912346894077,file_version,2109544247677,e71ba2536bcbae44b1b9d9230117c738a246b717,0,0,e71ba2536bcbae44b1b9d9230117c738a246b717,DSN029-T_2024_003.csv
file,1912345808800,file_version,2109543126400,9ec1c2bd08629ec186882384d5516700eb1c4d66,0,0,9ec1c2bd08629ec186882384d5516700eb1c4d66,DSN029-T_2024_004.csv
file,1912350582103,file_version,2109547966903,c400c5e91a750ec4eb0574c7fdd3f1e82942b202,0,0,c400c5e91a750ec4eb0574c7fdd3f1e82942b202,DSN029-T_2024_005.csv
file,1912348197314,file_version,2109545630114,5a911c57347353f0db4c470323c7e1ad8ed85ae8,0,0,5a911c57347353f0db4c470323c7e1ad8ed85ae8,DSN029-T_2024_006.csv
file,1912347532485,file_version,2109544991685,4b00f8684f4ee74e8eb110686984301bbda28f77,0,0,4b00f8684f4ee74e8eb110686984301bbda28f77,DSN029-T_2024_007.csv
file,1912348187421,file_version,2109545380221,b860d69f250fb2dbe741345395a9ad508261fe2a,0,0,b860d69f250fb2dbe741345395a9ad508261fe2a,DSN029-T_2024_008.csv
file,1912346526943,file_version,2109543918943,7e4ee9e887ed657bda3a03824338dfef79dc4f64,0,0,7e4ee9e887ed657bda3a03824338dfef79dc4f64,DSN029-T_2024_009.csv
file,1912343968750,file_version,2109541399150,4c38afe48e387b000009afb2768a93c137787aaa,0,0,4c38afe48e387b000009afb2768a93c137787aaa,DSN029-T_2024_010.csv
file,1912352139620,file_version,2109549610820,181f0ba1ebf411b71dc6930a892601d68500b593,0,0,181f0ba1ebf411b71dc6930a892601d68500b593,DSN029-T_2024_011.csv
file,1912368846872,file_version,2109568115672,ebc22817045dd25069c0361d0c2fd91ac662254e,0,0,ebc22817045dd25069c0361d0c2fd91ac662254e,DSN029-T_2024_012.csv
file,1912364961175,file_version,2109564184375,e6c3a9f8277789c5331f512d607abf9976e125c6,0,0,e6c3a9f8277789c5331f512d607abf9976e125c6,DSN029-T_2025_001.csv
file,1912363191687,file_version,2109562400487,4f91ffaef4ff3e14f2aa11369c5102872fc11686,0,0,4f91ffaef4ff3e14f2aa11369c5102872fc11686,DSN029-T_2025_002.csv
file,1912365268347,file_version,2109564424347,97c0fbb19b72f7c5cfeb58d6419c1947d92efcb1,0,0,97c0fbb19b72f7c5cfeb58d6419c1947d92efcb1,DSN029-T_2025_003.csv
file,1912361084573,file_version,2109560082173,03cf7d2cfe127ac100a77a4e8b7e5c513bf380bf,0,0,03cf7d2cfe127ac100a77a4e8b7e5c513bf380bf,DSN029-T_2025_004.csv
file,1912363420177,file_version,2109562796977,c1a2ec4074ce870c0ca8926e5d408289ab6ea08c,0,0,c1a2ec4074ce870c0ca8926e5d408289ab6ea08c,DSN029-T_2025_005.csv
file,1906386006095,file_version,2102928034895,d142e4c4bd75d8502db3dfd56de879daf93b2376,0,0,d142e4c4bd75d8502db3dfd56de879daf93b2376,DSN029-T_211.csv
file,1906386352365,file_version,2102928419565,4e461afcc26e5b959e3c3e4356e009d706979a43,0,0,4e461afcc26e5b959e3c3e4356e009d706979a43,DSN029-T_212.csv
file,1906385943680,file_version,2102927888480,93bf5d0f5945e2d8b1293bb9ebe7a3e8e328fee4,0,0,93bf5d0f5945e2d8b1293bb9ebe7a3e8e328fee4,DSN029-T_213.csv
file,1906390336334,file_version,2102932605134,913f6f1eb0a852f23ec526cd94de06be2ade6188,0,0,913f6f1eb0a852f23ec526cd94de06be2ade6188,DSN029-T_214.csv
file,1906389035968,file_version,2102931616768,75683896fe4ef99a4464d93df789d3a8a18b0136,0,0,75683896fe4ef99a4464d93df789d3a8a18b0136,DSN029-T_215.csv
file,1906393007676,file_version,2102935370076,e08d62f5a0ff1c885c861c97d708647c32e8d537,0,0,e08d62f5a0ff1c885c861c97d708647c32e8d537,DSN029-T_216.csv
file,1906385401589,file_version,2102927502389,5e30fcccd20af32ee019214e511ee25ba0b49317,0,0,5e30fcccd20af32ee019214e511ee25ba0b49317,DSN029-T_217.csv
file,1906388470959,file_version,2102930895759,4eb2a42b8a806fff734875f8d49a6617e1f86734,0,0,4eb2a42b8a806fff734875f8d49a6617e1f86734,DSN029-T_218.csv
file,1906389217377,file_version,2102931334977,2acdf3a69a818dfd2835b4bc220c81e3159eab6f,0,0,2acdf3a69a818dfd2835b4bc220c81e3159eab6f,DSN029-T_220.csv
file,1906391860355,file_version,2102933874755,d7dea7b89a31a02f3823b71bd5a2dd63bdd860ce,0,0,d7dea7b89a31a02f3823b71bd5a2dd63bdd860ce,DSN029-T_221.csv
file,1906393105832,file_version,2102935473032,c45cf3f5a3c5b7c3262acb693e4f695bbc033cf7,0,0,c45cf3f5a3c5b7c3262acb693e4f695bbc033cf7,DSN029-T_222.csv
file,1906394032420,file_version,2102936049220,7223b38eba8aa773f50d406d8662c9690a614c74,0,0,7223b38eba8aa773f50d406d8662c9690a614c74,DSN029-T_223.csv
file,1906391248129,file_version,2102933425729,69c98d3c066c8900966798f442d7e272d5586552,0,0,69c98d3c066c8900966798f442d7e272d5586552,DSN029-T_224.csv
file,1906392515492,file_version,2102934973892,fd84d8062e72b0e22fac1c548f3e72baeff88b61,0,0,fd84d8062e72b0e22fac1c548f3e72baeff88b61,DSN029-T_225.csv
file,1906389141553,file_version,2102931191953,ed411b19cd88a4b631f9cb0f36d5899bd417e962,0,0,ed411b19cd88a4b631f9cb0f36d5899bd417e962,DSN029-T_226.csv
file,1906385992490,file_version,2102928381290,478e86cc5b8f306ddfd67968f702201e1d763165,0,0,478e86cc5b8f306ddfd67968f702201e1d763165,DSN029-T_227.csv
file,1906386189198,file_version,2102928414798,dca3ba841aabb00e01ee876b6165c958ebd34270,0,0,dca3ba841aabb00e01ee876b6165c958ebd34270,DSN029-T_228.csv
file,1906393840583,file_version,2102936051783,c01956f9fb3019ff131aa9c4edca9511fb0b4e88,0,0,c01956f9fb3019ff131aa9c4edca9511fb0b4e88,DSN029-T_229.csv
file,1906389484574,file_version,2102932094174,fe8174fcb3892d2a5b37e4b76aa7305c0d0a231d,0,0,fe8174fcb3892d2a5b37e4b76aa7305c0d0a231d,DSN029-T_230.csv
file,1906392268609,file_version,2102934544609,bbd20777653143b0122ff1927ce6f7c4e6ae9bf5,0,0,bbd20777653143b0122ff1927ce6f7c4e6ae9bf5,DSN029-T_231.csv
file,1906393143917,file_version,2102935643117,be4fb124338e1e00568e4589004d906e0f7dd67a,0,0,be4fb124338e1e00568e4589004d906e0f7dd67a,DSN029-T_232.csv
file,1906394514972,file_version,2102936747772,862c62892800662ffb440335b809bfd80e7be8d3,0,0,862c62892800662ffb440335b809bfd80e7be8d3,DSN029-T_233.csv
file,1906392628184,file_version,2102935069784,f6de156b8044245f35cc06f410af85df12c74cab,0,0,f6de156b8044245f35cc06f410af85df12c74cab,DSN029-T_235.csv
file,1906393333430,file_version,2102935707830,0e0c406d4dbdfbb90864c6d42d9280d612cfdeb3,0,0,0e0c406d4dbdfbb90864c6d42d9280d612cfdeb3,DSN029-T_236.csv
file,1906390118294,file_version,2102932331894,c91ed0ddd5908062fb3fc684f618845d1ca5b3f9,0,0,c91ed0ddd5908062fb3fc684f618845d1ca5b3f9,DSN029-T_237.csv
file,1906393214323,file_version,2102935768723,f8aec0ea59009ec0dc8170a6384774094cd2a00d,0,0,f8aec0ea59009ec0dc8170a6384774094cd2a00d,DSN029-T_238.csv
file,1906392066049,file_version,2102934699649,acbaf7474f182fa0401cbe34593a8990c9df6314,0,0,acbaf7474f182fa0401cbe34593a8990c9df6314,DSN029-T_239.csv
file,1906388301055,file_version,2102930601055,44477ca4b4b3f72a1de794a40d4e2318ee02bdf7,0,0,44477ca4b4b3f72a1de794a40d4e2318ee02bdf7,DSN029-T_240.csv
file,1906387694202,file_version,2102929919802,beb210c50a0b83dd93e541a221b2a6e9e9955825,0,0,beb210c50a0b83dd93e541a221b2a6e9e9955825,DSN029-T_241.csv
file,1906390245447,file_version,2102932821447,b0092c7832055afd95e3fd1bee4714b4a6f42be1,0,0,b0092c7832055afd95e3fd1bee4714b4a6f42be1,DSN029-T_242.csv
file,1906394188377,file_version,2102936759577,c551b56f0a92beea5e77a6da9852c292e9d454ea,0,0,c551b56f0a92beea5e77a6da9852c292e9d454ea,DSN029-T_243.csv
file,1906394266871,file_version,2102936926871,6e01de97731330ddc7ebe247a4be14996cd620ea,0,0,6e01de97731330ddc7ebe247a4be14996cd620ea,DSN029-T_244.csv
file,1906390069623,file_version,2102932559223,931e9f062c5f8202b9b68d0c99f2842711697863,0,0,931e9f062c5f8202b9b68d0c99f2842711697863,DSN029-T_245.csv
file,1906394086924,file_version,2102936494924,3743aa9d9282386ad2ac320bd7a7c93ca986b036,0,0,3743aa9d9282386ad2ac320bd7a7c93ca986b036,DSN029-T_246.csv
file,1906391490396,file_version,2102934068796,e504a42c395a5cc664c10d05d1192b1ae6c3e909,0,0,e504a42c395a5cc664c10d05d1192b1ae6c3e909,DSN029-T_247.csv
file,1906391235864,file_version,2102933622264,f7b28c85f83570f4e1ee48da04945b6e3e1e428b,0,0,f7b28c85f83570f4e1ee48da04945b6e3e1e428b,DSN029-T_248.csv
file,1906394905300,file_version,2102937368500,4a7641bb73f0e73e8461824c091889c67018415b,0,0,4a7641bb73f0e73e8461824c091889c67018415b,DSN029-T_249.csv
file,1906390317288,file_version,2102932698888,c4a76074fe7aa6a91e32dd3f16e42c44dc87cd9b,0,0,c4a76074fe7aa6a91e32dd3f16e42c44dc87cd9b,DSN029-T_24_001.csv
file,1906392087983,file_version,2102934541583,d723438bf019c01944f816b5a6d6b5fdab98c300,0,0,d723438bf019c01944f816b5a6d6b5fdab98c300,DSN029-T_252.csv
file,1906388723720,file_version,2102930817320,43dccb36c2a40ccc1aee8e4dfa92474416116a03,0,0,43dccb36c2a40ccc1aee8e4dfa92474416116a03,DSN029-T_253.csv
file,1906392297085,file_version,2102934755485,ee08d7ed276e9bef0ff7658cc85331555ebd2d40,0,0,ee08d7ed276e9bef0ff7658cc85331555ebd2d40,DSN029-T_254.csv
file,1906394732771,file_version,2102937255971,72303ec3a09eaf4bd8c51a1751ef44db808468cb,0,0,72303ec3a09eaf4bd8c51a1751ef44db808468cb,DSN029-T_255.csv
file,1906388281888,file_version,2102931105088,32b17ce23fcfaece50e924aeb68d421630b6b4d8,0,0,32b17ce23fcfaece50e924aeb68d421630b6b4d8,DSN029-T_256.csv
file,1911619731818,file_version,2108719381418,902436460e0bbc3fb2f157734d4bcd0335e80e75,0,0,902436460e0bbc3fb2f157734d4bcd0335e80e75,DSN029-T_25_006.csv
file,1911392151779,file_version,2108459991779,75092a2258220b4c06b1a30fd1c022e4b9e12af9,0,0,75092a2258220b4c06b1a30fd1c022e4b9e12af9,DSN029-T_25_051.csv
file,1879350385872,file_version,2072695881072,2e5421ef63b509a9234996a7085738db6563f191,0,0,2e5421ef63b509a9234996a7085738db6563f191,DSN030-S_25_001.csv
file,1900698066358,file_version,2096553299158,075fe84b9602cd3abd7de051b773956421531986,0,0,075fe84b9602cd3abd7de051b773956421531986,DSN030-S_25_002.csv
file,1766594490857,file_version,1946155526057,b4fb825729c1062b0f25a15f5a328430d22b973e,0,0,b4fb825729c1062b0f25a15f5a328430d22b973e,DSN030_AlGrauer_23.csv
file,1766593953178,file_version,1946154906778,25c396ab4925295f1607eb8c1e25497468bf7a75,0,0,25c396ab4925295f1607eb8c1e25497468bf7a75,DSN030_AlGrauer_24.csv
file,1879345330836,file_version,2072690686836,82f82988b1f07175462b7235b980bdb34ff145b2,0,0,82f82988b1f07175462b7235b980bdb34ff145b2,DSN031-S_23_001.csv
file,1831825218623,file_version,2019522741023,41014fdc2dd3c27e0f9b313bc58d547550e77021,0,0,41014fdc2dd3c27e0f9b313bc58d547550e77021,DSN031-S_24_001.csv
file,1879355399228,file_version,2072700964028,e9b7439964ba551a2e6acc045ba440475fe52b07,0,0,e9b7439964ba551a2e6acc045ba440475fe52b07,DSN031-S_24_002.csv
file,1831818452509,file_version,2019515809309,84c92c13e2d84e84e40272c244d1a0b6e3c9af75,0,0,84c92c13e2d84e84e40272c244d1a0b6e3c9af75,DSN031-S_25_002.csv
file,1879353196713,file_version,2072698804713,9ea03e0730c04beb42f088c112ab20a87cb9dd5d,0,0,9ea03e0730c04beb42f088c112ab20a87cb9dd5d,DSN031-S_25_003.csv
file,1879481495688,file_version,2072833936488,8994957d2eef04c4a9f12913b01c6e3491bf1b26,0,0,8994957d2eef04c4a9f12913b01c6e3491bf1b26,DSN035-S_18_001.csv
file,1879474353459,file_version,2072826899859,f0e257163c55a47761c22e6f94963fe69333b730,0,0,f0e257163c55a47761c22e6f94963fe69333b730,DSN035-S_19_002.csv
file,1879475994550,file_version,2072828658550,d126e988036c9081242fecbdd1047aaed58f730f,0,0,d126e988036c9081242fecbdd1047aaed58f730f,DSN035-S_20_003.csv
file,1879471915012,file_version,2072824591012,db1aa99982db54bf6a0d1c535aade67490c0fb37,0,0,db1aa99982db54bf6a0d1c535aade67490c0fb37,DSN035-S_21_004.csv
file,1879481476349,file_version,2072833818749,7f3ed910dc635962af46596b6029bfb69c869e64,0,0,7f3ed910dc635962af46596b6029bfb69c869e64,DSN035-S_22_005.csv
file,1879483746189,file_version,2072836064589,04add28ad057b838a1703551d1b9e513102482f8,0,0,04add28ad057b838a1703551d1b9e513102482f8,DSN035-S_23_006.csv
file,1879480667147,file_version,2072833131947,8bd0c560297554832a2f9f326cd500e48eb76240,0,0,8bd0c560297554832a2f9f326cd500e48eb76240,DSN035-S_24_007.csv
file,1879476038162,file_version,2072828944562,70a90569c35b06e2a601849b204d5b39bf8c428b,0,0,70a90569c35b06e2a601849b204d5b39bf8c428b,DSN035-S_25_008.csv
file,1769929758147,file_version,1949983278147,21424afc5023a5085d459d873f41f052b1f5ff13,1,1,21424afc5023a5085d459d873f41f052b1f5ff13,DSN035-S_Cosmic_18.csv
file,1769939344708,file_version,1949995226308,015bca8a7875bed6a7e17f85a167874c6547c04e,1,1,015bca8a7875bed6a7e17f85a167874c6547c04e,DSN035-S_Cosmic_19.csv
file,1769929405365,file_version,1949982855765,d126e988036c9081242fecbdd1047aaed58f730f,1,1,d126e988036c9081242fecbdd1047aaed58f730f,DSN035-S_Cosmic_20.csv
file,1769933342393,file_version,1949985957593,db1aa99982db54bf6a0d1c535aade67490c0fb37,1,1,db1aa99982db54bf6a0d1c535aade67490c0fb37,DSN035-S_Cosmic_21.csv
file,1769929948356,file_version,1949982741156,7f3ed910dc635962af46596b6029bfb69c869e64,1,1,7f3ed910dc635962af46596b6029bfb69c869e64,DSN035-S_Cosmic_22.csv
file,1769936888776,file_version,1949990180776,04add28ad057b838a1703551d1b9e513102482f8,1,1,04add28ad057b838a1703551d1b9e513102482f8,DSN035-S_Cosmic_23.csv
file,1769936013301,file_version,1949989406101,270fd9b45f295c9bf8b4895c2c35f3be659a6b38,1,1,270fd9b45f295c9bf8b4895c2c35f3be659a6b38,DSN035-S_Cosmic_24.csv
file,1769931635712,file_version,1949985436512,fba7f4f3c71785a0b5573f47b9fe7c04eb8353ad,1,1,fba7f4f3c71785a0b5573f47b9fe7c04eb8353ad,DSN035-S_Cosmic_25.csv
file,1879352415676,file_version,2072697980476,a5d00492b2e7fd399e35396c22548b884a57f152,0,0,a5d00492b2e7fd399e35396c22548b884a57f152,DSN036-S_24_001.csv
file,1831818506086,file_version,2019515666086,a5d00492b2e7fd399e35396c22548b884a57f152,0,0,a5d00492b2e7fd399e35396c22548b884a57f152,DSN036-S_24_002.csv
file,1831826399611,file_version,2019523881211,38bb1c097e2fbf1e671df33689416f8bec54d940,0,0,38bb1c097e2fbf1e671df33689416f8bec54d940,DSN036-S_25_001.csv
file,1879346754098,file_version,2072692201298,38bb1c097e2fbf1e671df33689416f8bec54d940,0,0,38bb1c097e2fbf1e671df33689416f8bec54d940,DSN036-S_25_002.csv
file,1769645536023,file_version,1949654816823,cce6a42bdf4529c78a3eed442b03fb00bb2a735e,1,1,cce6a42bdf4529c78a3eed442b03fb00bb2a735e,DSN036-S_Gilinsky_24.csv
file,1769646664155,file_version,1949656036155,0df3a85dec7af5e21c081ea98c7159926bc22d49,1,1,0df3a85dec7af5e21c081ea98c7159926bc22d49,DSN036-S_Gilinsky_25.csv
file,1775927084665,file_version,1956697719865,023359c33b8b6d7848c34050e31f028722f4fcb0,0,0,023359c33b8b6d7848c34050e31f028722f4fcb0,MtLemmon1_22.csv
file,1775862851154,file_version,1956633855954,897b050f5bc36efeac71c3c3948a6d3526b92db3,0,0,897b050f5bc36efeac71c3c3948a6d3526b92db3,MtLemmon1_23.csv
file,1775963875042,file_version,1956739927042,7c324ff5b7ab081699294c9ce1c04b0972c3e87c,0,0,7c324ff5b7ab081699294c9ce1c04b0972c3e87c,MtLemmon1_24.csv
file,1775956189915,file_version,1956731286715,4aa1afbfe451e1452329099734ebdffb54874260,0,0,4aa1afbfe451e1452329099734ebdffb54874260,MtLemmon1_25.csv
file,1775449246909,file_version,1956166472509,158f3a50a88221e5bf7bdc1d58d52ca8c86c04d3,0,0,158f3a50a88221e5bf7bdc1d58d52ca8c86c04d3,Test_24.csv
file,1882723096579,file_version,2076508730179,bd3375fee440620ce268f069f797a5c0b858a379,0,0,bd3375fee440620ce268f069f797a5c0b858a379,VATT_DSN021-S__20250601_161409.csv
