UT,T
2026-07-19T03:25:25.000,46.4
2026-07-19T03:45:42.000,46.4
2026-07-19T03:50:42.000,46.0
2026-07-19T03:55:43.000,46.0
2026-07-19T04:00:43.000,46.0
2026-07-19T04:05:43.000,46.0
2026-07-19T04:10:43.000,46.0
2026-07-19T04:15:43.000,46.0
2026-07-19T04:20:43.000,46.0
2026-07-19T04:25:43.000,45.7
2026-07-19T04:30:43.000,45.7
2026-07-19T04:35:43.000,45.7
2026-07-19T04:40:43.000,45.7
2026-07-19T04:45:43.000,45.7
2026-07-19T04:50:44.000,45.7
2026-07-19T04:55:44.000,45.4
2026-07-19T05:00:44.000,45.4
2026-07-19T05:05:44.000,45.4
2026-07-19T05:10:44.000,45.4
2026-07-19T05:15:44.000,45.1
2026-07-19T05:20:44.000,45.1
2026-07-19T05:25:44.000,45.1
2026-07-19T05:30:44.000,44.8
2026-07-19T05:35:44.000,44.8
2026-07-19T05:40:44.000,44.8
2026-07-19T05:45:44.000,44.8
2026-07-19T05:50:45.000,44.8
2026-07-19T05:55:45.000,44.4
2026-07-19T06:00:45.000,44.4
2026-07-19T06:05:45.000,44.4
2026-07-19T06:10:45.000,44.1
2026-07-19T06:15:45.000,44.1
2026-07-19T06:20:45.000,44.1
2026-07-19T06:25:45.000,44.1
2026-07-19T06:30:45.000,43.8
2026-07-19T06:35:45.000,43.8
2026-07-19T06:40:45.000,43.8
2026-07-19T06:45:45.000,43.8
2026-07-19T06:50:46.000,43.5
2026-07-19T06:55:46.000,43.5
2026-07-19T07:00:46.000,43.5
2026-07-19T07:05:46.000,43.5
2026-07-19T07:10:46.000,43.5
2026-07-19T07:15:46.000,43.5
2026-07-19T07:20:46.000,43.5
2026-07-19T07:25:46.000,43.5
2026-07-19T07:30:46.000,43.5
2026-07-19T07:35:46.000,43.5
2026-07-19T07:40:46.000,43.5
2026-07-19T07:45:46.000,43.5
2026-07-19T07:50:47.000,43.5
2026-07-19T07:55:47.000,43.5
2026-07-19T08:00:47.000,43.5
2026-07-19T08:05:47.000,43.5
2026-07-19T08:10:47.000,43.5
2026-07-19T08:15:47.000,43.5
2026-07-19T08:20:47.000,43.5
2026-07-19T08:25:47.000,43.5
2026-07-19T08:30:47.000,43.5
2026-07-19T08:35:47.000,43.5
2026-07-19T08:40:47.000,43.5
2026-07-19T08:45:47.000,43.5
2026-07-19T08:50:48.000,43.1
2026-07-19T08:55:48.000,43.5
2026-07-19T09:00:48.000,43.1
2026-07-19T09:05:48.000,43.1
2026-07-19T09:10:48.000,43.1
2026-07-19T09:15:48.000,43.1
2026-07-19T09:20:48.000,43.1
2026-07-19T09:25:48.000,43.1
2026-07-19T09:30:48.000,43.1
2026-07-19T09:35:48.000,43.1
2026-07-19T09:40:48.000,43.1
2026-07-19T09:45:49.000,43.1
2026-07-19T09:50:49.000,43.1
2026-07-19T09:55:49.000,43.1
2026-07-19T10:00:49.000,43.1
2026-07-19T10:05:49.000,43.1
2026-07-19T10:10:49.000,43.1
2026-07-19T10:15:49.000,43.1
2026-07-19T10:20:49.000,43.1
2026-07-19T10:25:49.000,43.1
2026-07-19T10:30:49.000,43.1
2026-07-19T10:35:49.000,43.1
2026-07-19T10:40:49.000,43.1
2026-07-19T10:45:50.000,43.1
2026-07-19T10:50:50.000,43.1
2026-07-19T10:55:50.000,43.1
2026-07-19T11:00:50.000,43.1
2026-07-19T11:05:50.000,43.1
2026-07-19T11:10:50.000,43.1
2026-07-19T11:15:50.000,43.1
2026-07-19T11:20:50.000,43.1
2026-07-19T11:25:50.000,43.1
2026-07-19T11:30:50.000,43.1
2026-07-19T11:35:50.000,43.1
2026-07-19T11:40:50.000,43.1
2026-07-19T11:45:51.000,43.1
2026-07-19T11:50:51.000,43.1
2026-07-19T11:55:51.000,42.8
2026-07-19T12:00:51.000,42.8
2026-07-19T12:05:51.000,42.8
2026-07-19T12:10:51.000,42.8
2026-07-19T12:15:51.000,42.8
2026-07-19T12:20:51.000,42.5
2026-07-19T12:25:51.000,42.8
2026-07-19T12:30:51.000,42.5
2026-07-19T12:35:51.000,42.5
2026-07-19T12:40:51.000,42.5
2026-07-19T12:45:52.000,42.5
2026-07-19T12:50:52.000,42.8
2026-07-19T12:55:52.000,42.8
2026-07-19T13:00:52.000,42.5
2026-07-19T13:05:52.000,42.8
2026-07-19T13:10:52.000,42.8
2026-07-19T13:15:52.000,42.8
2026-07-19T13:20:52.000,42.8
2026-07-19T13:25:38.000,43.1
2026-07-19T13:26:12.000,42.8
2026-07-19T13:31:12.000,43.1
2026-07-19T13:36:12.000,43.1
2026-07-19T13:41:12.000,43.5
2026-07-19T13:46:12.000,44.1
2026-07-19T13:51:12.000,44.4
2026-07-19T13:56:12.000,44.8
2026-07-19T14:01:12.000,45.1
2026-07-19T14:06:12.000,45.4
2026-07-19T14:11:13.000,45.4
2026-07-19T14:16:13.000,45.7
2026-07-19T14:21:13.000,45.4
2026-07-19T14:26:13.000,45.7
2026-07-19T14:31:13.000,45.7
2026-07-19T14:36:13.000,46.0
2026-07-19T14:41:13.000,46.0
2026-07-19T14:46:13.000,46.0
2026-07-19T14:51:13.000,46.0
2026-07-19T14:56:13.000,46.0
2026-07-19T15:01:13.000,46.0
2026-07-19T15:06:13.000,46.0
2026-07-19T15:11:14.000,46.0
2026-07-19T15:16:14.000,46.4
2026-07-19T15:21:14.000,46.4
2026-07-19T15:26:14.000,46.7
2026-07-19T15:31:14.000,46.7
2026-07-19T15:36:14.000,46.7
2026-07-19T15:41:14.000,47.0
2026-07-19T15:46:14.000,47.0
2026-07-19T15:51:14.000,47.0
2026-07-19T15:56:14.000,47.0
2026-07-19T16:01:14.000,47.3
2026-07-19T16:06:14.000,47.3
2026-07-19T16:11:14.000,47.7
2026-07-19T16:16:15.000,48.0
2026-07-19T16:21:15.000,48.0
2026-07-19T16:26:15.000,48.3
2026-07-19T16:31:15.000,48.6
2026-07-19T16:36:15.000,48.9
2026-07-19T16:41:15.000,49.3
2026-07-19T16:45:50.000,49.6
2026-07-19T16:50:51.000,50.2
2026-07-19T16:55:51.000,50.6
2026-07-19T17:00:51.000,50.9
2026-07-19T17:05:51.000,51.5
2026-07-19T17:10:51.000,51.8
2026-07-19T17:15:51.000,51.8
2026-07-19T17:20:51.000,52.2
2026-07-19T17:25:51.000,52.5
2026-07-19T17:30:51.000,53.1
2026-07-19T17:35:51.000,54.4
2026-07-19T17:39:19.000,55.7
2026-07-19T17:44:19.000,56.7
2026-07-19T17:49:19.000,57.6
2026-07-19T17:54:19.000,58.6
2026-07-19T17:59:19.000,59.3
2026-07-19T18:04:20.000,59.6
2026-07-19T18:09:20.000,60.2
2026-07-19T18:14:20.000,60.5
2026-07-19T18:19:20.000,60.2
2026-07-19T18:24:20.000,60.2
2024-12-14T03:45:00.000,26.4
2024-12-14T04:00:02.000,26.1
2024-12-14T04:15:02.000,25.7
2024-12-14T04:30:02.000,25.4
2024-12-14T04:45:02.000,24.8
2024-12-14T05:00:02.000,24.8
2024-12-14T05:15:00.000,24.8
2024-12-14T05:30:00.000,24.4
2024-12-14T05:45:00.000,24.1
2024-12-14T06:00:00.000,24.1
2024-12-14T06:15:00.000,24.1
2024-12-14T06:30:00.000,23.8
2024-12-14T06:45:00.000,23.8
2024-12-14T07:00:00.000,23.5
2024-12-14T07:15:00.000,23.5
2024-12-14T07:30:00.000,23.2
2024-12-14T07:45:00.000,23.2
2024-12-14T08:00:00.000,22.8
2024-12-14T08:15:00.000,22.5
2024-12-14T08:30:00.000,22.2
2024-12-14T08:45:00.000,22.2
2024-12-14T09:00:00.000,22.2
2024-12-14T09:15:00.000,21.9
2024-12-14T09:30:00.000,21.9
2024-12-14T09:45:00.000,21.5
2024-12-14T10:00:00.000,21.2
2024-12-14T10:15:00.000,21.2
2024-12-14T10:30:00.000,20.9
2024-12-14T10:45:00.000,20.9
2024-12-14T11:00:00.000,20.6
2024-12-14T11:15:00.000,20.6
2024-12-14T11:30:00.000,20.3
2024-12-14T11:45:00.000,20.3
2024-12-14T12:00:00.000,20.3
2024-12-14T12:15:00.000,20.3
2024-12-14T12:30:00.000,20.3
2024-12-14T12:45:00.000,19.9
2024-12-14T13:00:00.000,19.9
2024-12-14T13:15:00.000,19.6
2024-12-14T13:30:01.000,19.6
2024-12-14T13:45:01.000,19.3
2024-12-14T14:00:01.000,19.6
2024-12-14T14:15:01.000,19.3
2024-12-14T14:30:01.000,19.3
2024-12-14T14:45:01.000,19.6
2024-12-14T15:00:01.000,19.9
2024-12-14T15:15:01.000,20.3
2024-12-14T15:30:01.000,20.9
2024-12-14T15:45:01.000,21.5
2024-12-14T16:00:01.000,22.8
2024-12-14T16:15:01.000,26.1
2024-12-14T16:30:01.000,29.6
2024-12-14T16:45:01.000,32.5
2024-12-14T17:00:01.000,34.8
2024-12-14T17:15:01.000,34.1
2024-12-14T17:30:01.000,32.5
2024-12-14T17:45:00.000,31.9
2024-12-14T18:00:01.000,31.9
2024-12-14T18:15:01.000,31.9
2024-12-14T18:30:01.000,32.5
2024-12-14T18:45:01.000,32.8
2024-12-14T19:00:01.000,33.5
2024-12-14T19:15:01.000,34.1
2024-12-14T19:30:01.000,34.8
2024-12-14T19:45:01.000,35.4
2024-12-14T20:00:01.000,36.4
2024-12-14T20:15:01.000,37
2024-12-14T20:30:01.000,39.6
2024-12-14T20:45:01.000,41.9
2024-12-14T21:00:01.000,43.1
2024-12-14T21:15:01.000,44.1
2024-12-14T21:30:01.000,44.4
2024-12-14T21:45:01.000,44.4
2024-12-14T22:00:01.000,44.4
2024-12-14T22:15:01.000,43.5
2024-12-14T22:30:01.000,42.8
2024-12-14T22:45:01.000,42.5
2024-12-14T23:00:01.000,41.9
2024-12-14T23:15:01.000,40.9
2024-12-14T23:30:01.000,40.2
2024-12-14T23:45:01.000,39.3
2024-12-15T00:00:01.000,38
2024-12-15T00:15:01.000,36.7
2024-12-15T00:30:01.000,35.7
2024-12-15T00:45:01.000,34.8
2024-12-15T01:00:01.000,34.1
2024-12-15T01:15:01.000,33.5
2024-12-15T01:30:01.000,32.8
2024-12-15T01:45:01.000,32.8
2024-12-15T02:00:01.000,32.5
2024-12-15T02:15:01.000,31.9
2024-12-15T02:30:01.000,31.5
2024-12-15T02:45:01.000,31.2
2024-12-15T03:00:01.000,30.6
2024-12-15T03:15:01.000,30.2
2024-12-15T03:30:01.000,29.9
2024-12-15T03:45:01.000,29.6
2024-12-15T04:00:01.000,29
2024-12-15T04:15:01.000,28.3
2024-12-15T04:30:01.000,28
2024-12-15T04:45:01.000,28
2024-12-15T05:00:01.000,27.7
2024-12-15T05:14:59.000,27.7
2024-12-15T05:29:59.000,27.3
2024-12-15T05:44:59.000,27.3
2024-12-15T05:59:59.000,27
2024-12-15T06:14:59.000,27
2024-12-15T06:29:59.000,26.7
2024-12-15T06:44:59.000,26.1
2024-12-15T06:59:59.000,25.7
2024-12-15T07:14:59.000,25.1
2024-12-15T07:29:59.000,24.8
2024-12-15T07:44:59.000,24.8
2024-12-15T07:59:59.000,24.4
2024-12-15T08:14:59.000,24.1
2024-12-15T08:29:59.000,24.1
2024-12-15T08:44:59.000,24.1
2024-12-15T08:59:59.000,23.8
2024-12-15T09:14:59.000,23.8
2024-12-15T09:29:59.000,23.8
2024-12-15T09:44:59.000,23.8
2024-12-15T09:59:59.000,23.5
2024-12-15T10:14:59.000,23.8
2024-12-15T10:29:59.000,23.8
2024-12-15T10:44:59.000,23.8
2024-12-15T10:59:59.000,23.5
2024-12-15T11:14:59.000,23.5
2024-12-15T11:29:59.000,23.2
2024-12-15T11:44:59.000,23.2
2024-12-15T11:59:59.000,23.2
2024-12-15T12:14:59.000,23.2
2024-12-15T12:29:59.000,22.8
2024-12-15T12:44:59.000,22.5
2024-12-15T12:59:59.000,22.2
2024-12-15T13:14:59.000,22.2
2024-12-15T13:29:59.000,21.9
2024-12-15T13:44:59.000,21.9
2024-12-15T13:59:59.000,21.9
2024-12-15T14:14:59.000,21.9
2024-12-15T14:29:59.000,21.9
2024-12-15T14:44:59.000,21.9
2024-12-15T14:59:59.000,21.9
2024-12-15T15:14:59.000,22.2
2024-12-15T15:29:59.000,22.5
2024-12-15T15:44:59.000,23.5
2024-12-15T15:59:59.000,24.4
2024-12-15T16:14:59.000,27.3
2024-12-15T16:29:59.000,30.6
2024-12-15T16:44:59.000,33.5
2024-12-15T16:59:59.000,35.7
2024-12-15T17:14:59.000,35.1
2024-12-15T17:29:59.000,33.5
2024-12-15T17:44:59.000,32.8
2024-12-15T17:59:59.000,32.8
2024-12-15T18:14:59.000,33.1
2024-12-15T18:29:59.000,33.5
2024-12-15T18:44:59.000,33.8
2024-12-15T18:59:59.000,34.4
2024-12-15T19:14:59.000,34.8
2024-12-15T19:29:59.000,35.4
2024-12-15T19:44:59.000,36
2024-12-15T19:59:59.000,36.4
2024-12-15T20:14:59.000,37
2024-12-15T20:29:59.000,39.3
2024-12-15T20:44:59.000,41.2
2024-12-15T20:59:59.000,42.2
2024-12-15T21:14:59.000,42.5
2024-12-15T21:29:59.000,42.5
2024-12-15T21:44:59.000,42.5
2024-12-15T21:59:59.000,42.2
2024-12-15T22:14:59.000,41.9
2024-12-15T22:29:59.000,41.2
2024-12-15T22:44:59.000,40.6
2024-12-15T22:59:59.000,40.2
2024-12-15T23:14:59.000,39.3
2024-12-15T23:29:59.000,38.6
2024-12-15T23:44:59.000,38
2024-12-15T23:59:59.000,37.3
2024-12-16T00:14:59.000,36
2024-12-16T00:29:59.000,34.8
2024-12-16T00:44:59.000,33.8
2024-12-16T00:59:59.000,33.1
2024-12-16T01:14:59.000,32.5
2024-12-16T01:29:59.000,31.9
2024-12-16T01:44:59.000,31.2
2024-12-16T01:59:59.000,30.6
2024-12-16T02:14:59.000,29.9
2024-12-16T02:29:59.000,29.3
2024-12-16T02:44:59.000,28.6
2024-12-16T02:59:59.000,28
2024-12-16T03:14:59.000,27.3
2024-12-16T03:29:59.000,27
2024-12-16T03:44:59.000,26.7
2024-12-16T03:59:59.000,26.4
2024-12-16T04:14:59.000,26.4
2024-12-16T04:29:59.000,26.1
2024-12-16T04:44:57.000,25.4
2024-12-16T04:59:57.000,25.1
2024-12-16T05:14:57.000,24.8
2024-12-16T05:29:57.000,24.4
2024-12-16T05:44:57.000,24.4
2024-12-16T05:59:57.000,24.1
2024-12-16T06:14:57.000,24.1
2024-12-16T06:29:57.000,24.1
2024-12-16T06:44:58.000,23.8
2024-12-16T06:59:57.000,23.5
2024-12-16T07:14:57.000,23.5
2024-12-16T07:29:57.000,23.5
2024-12-16T07:44:57.000,23.5
2024-12-16T07:59:57.000,23.2
2024-12-16T08:14:57.000,22.8
2024-12-16T08:29:57.000,22.8
2024-12-16T08:44:57.000,22.5
2024-12-16T08:59:57.000,22.2
2024-12-16T09:14:57.000,21.9
2024-12-16T09:29:57.000,21.9
2024-12-16T09:44:57.000,21.5
2024-12-16T09:59:57.000,21.5
2024-12-16T10:14:57.000,21.5
2024-12-16T10:29:57.000,21.5
2024-12-16T10:44:57.000,21.5
2024-12-16T10:59:57.000,20.9
2024-12-16T11:14:57.000,20.6
2024-12-16T11:29:57.000,20.3
2024-12-16T11:44:57.000,19.9
2024-12-16T11:59:57.000,19.6
2024-12-16T12:14:57.000,19.6
2024-12-16T12:29:57.000,19.3
2024-12-16T12:44:57.000,19.3
2024-12-16T12:59:57.000,19.3
2024-12-16T13:14:57.000,19.6
2024-12-16T13:29:57.000,19.3
2024-12-16T13:44:57.000,19.3
2024-12-16T13:59:57.000,19
2024-12-16T14:14:57.000,19
2024-12-16T14:29:57.000,18.6
2024-12-16T14:44:57.000,19
2024-12-16T14:59:58.000,19.3
2024-12-16T15:14:58.000,19.9
2024-12-16T15:29:58.000,20.6
2024-12-16T15:44:58.000,21.5
2024-12-16T15:59:58.000,22.5
2024-12-16T16:14:58.000,25.4
2024-12-16T16:29:58.000,28.6
2024-12-16T16:44:58.000,31.9
2024-12-16T16:59:58.000,33.8
2024-12-16T17:14:58.000,33.1
2024-12-16T17:29:58.000,31.9
2024-12-16T17:44:58.000,31.2
2024-12-16T17:59:58.000,31.5
2024-12-16T18:14:58.000,31.9
2024-12-16T18:29:58.000,32.5
2024-12-16T18:44:58.000,33.5
2024-12-16T18:59:58.000,34.1
2024-12-16T19:14:58.000,34.4
2024-12-16T19:29:58.000,35.1
2024-12-16T19:44:58.000,35.7
2024-12-16T19:59:58.000,36.4
2024-12-16T20:14:58.000,37.3
2024-12-16T20:29:58.000,40.2
2024-12-16T20:44:58.000,42.2
2024-12-16T20:59:58.000,43.1
2024-12-16T21:14:58.000,43.1
2024-12-16T21:29:58.000,43.8
2024-12-16T21:44:58.000,44.1
2024-12-16T21:59:58.000,44.8
2024-12-16T22:14:58.000,45.1
2024-12-16T22:29:58.000,44.8
2024-12-16T22:44:58.000,44.8
2024-12-16T22:59:58.000,43.8
2024-12-16T23:14:58.000,42.5
2024-12-16T23:29:58.000,41.5
2024-12-16T23:44:58.000,39.9
2024-12-16T23:59:58.000,39
2024-12-17T00:14:58.000,37.3
2024-12-17T00:29:58.000,36
2024-12-17T00:44:58.000,35.1
2024-12-17T00:59:58.000,34.1
2024-12-17T01:14:58.000,33.1
2024-12-17T01:29:58.000,32.8
2024-12-17T01:44:58.000,32.2
2024-12-17T01:59:58.000,31.5
2024-12-17T02:14:58.000,31.2
2024-12-17T02:29:58.000,30.9
2024-12-17T02:44:58.000,30.2
2024-12-17T02:59:58.000,29.9
2024-12-17T03:14:58.000,29.3
2024-12-17T03:29:58.000,29
2024-12-17T03:44:58.000,28.3
2024-12-17T03:59:58.000,28
2024-12-17T04:14:58.000,28
2024-12-17T04:29:58.000,27.7
2024-12-17T04:44:58.000,27.3
2024-12-17T04:59:58.000,27.3
2024-12-17T05:14:56.000,27
2024-12-17T05:29:56.000,26.7
2024-12-17T05:44:56.000,26.1
2024-12-17T05:59:56.000,25.7
2024-12-17T06:14:56.000,25.4
2024-12-17T06:29:56.000,25.1
2024-12-17T06:44:56.000,24.8
2024-12-17T06:59:56.000,24.4
2024-12-17T07:14:56.000,24.4
2024-12-17T07:29:56.000,24.1
2024-12-17T07:44:56.000,24.4
2024-12-17T07:59:56.000,24.4
2024-12-17T08:14:56.000,24.4
2024-12-17T08:29:56.000,24.1
2024-12-17T08:44:56.000,23.5
2024-12-17T08:59:56.000,23.2
2024-12-17T09:14:56.000,22.8
2024-12-17T09:29:56.000,22.8
2024-12-17T09:44:56.000,22.5
2024-12-17T09:59:56.000,22.5
2024-12-17T10:14:56.000,22.2
2024-12-17T10:29:56.000,21.9
2024-12-17T10:44:56.000,21.9
2024-12-17T10:59:56.000,22.2
2024-12-17T11:14:56.000,22.2
2024-12-17T11:29:56.000,22.5
2024-12-17T11:44:56.000,22.2
2024-12-17T11:59:56.000,21.5
2024-12-17T12:14:56.000,21.5
2024-12-17T12:29:56.000,21.2
2024-12-17T12:44:56.000,20.9
2024-12-17T12:59:56.000,20.9
2024-12-17T13:14:56.000,20.9
2024-12-17T13:29:56.000,20.9
2024-12-17T13:44:56.000,20.6
2024-12-17T13:59:56.000,20.6
2024-12-17T14:14:56.000,20.6
2024-12-17T14:29:56.000,20.6
2024-12-17T14:44:56.000,20.3
2024-12-17T14:59:56.000,20.9
2024-12-17T15:14:56.000,21.2
2024-12-17T15:29:56.000,21.9
2024-12-17T15:44:56.000,22.8
2024-12-17T15:59:56.000,23.5
2024-12-17T16:14:56.000,26.7
2024-12-17T16:29:56.000,29.9
2024-12-17T16:44:56.000,33.1
2024-12-17T16:59:56.000,35.4
2024-12-17T17:14:56.000,34.8
2024-12-17T17:29:56.000,33.5
2024-12-17T17:44:56.000,32.8
2024-12-17T17:59:56.000,32.8
2024-12-17T18:14:56.000,33.5
2024-12-17T18:29:56.000,34.1
2024-12-17T18:44:56.000,34.8
2024-12-17T18:59:56.000,35.1
2024-12-17T19:14:56.000,35.7
2024-12-17T19:29:56.000,36.7
2024-12-17T19:44:56.000,37
2024-12-17T19:59:56.000,37.7
2024-12-17T20:14:56.000,38.3
2024-12-17T20:29:56.000,40.6
2024-12-17T20:44:56.000,42.5
2024-12-17T20:59:56.000,44.1
2024-12-17T21:14:56.000,45.4
2024-12-17T21:29:56.000,45.4
2024-12-17T21:44:56.000,44.4
2024-12-17T21:59:56.000,43.5
2024-12-17T22:14:56.000,42.5
2024-12-17T22:29:56.000,42.2
2024-12-17T22:44:56.000,40.9
2024-12-17T22:59:56.000,39.6
2024-12-17T23:14:56.000,38
2024-12-17T23:29:56.000,37
2024-12-17T23:44:56.000,36
2024-12-17T23:59:56.000,35.4
2024-12-18T00:14:56.000,34.4
2024-12-18T00:29:56.000,33.5
2024-12-18T00:44:56.000,32.5
2024-12-18T00:59:56.000,32.2
2024-12-18T01:14:56.000,31.9
2024-12-18T01:29:56.000,31.5
2024-12-18T01:44:56.000,31.2
2024-12-18T01:59:56.000,30.9
2024-12-18T02:14:56.000,30.2
2024-12-18T02:29:56.000,29.6
2024-12-18T02:44:56.000,29
2024-12-18T02:59:56.000,28.3
2024-12-18T03:14:56.000,28
2024-12-18T03:29:56.000,28
2024-12-18T03:44:56.000,28
2024-12-18T03:59:56.000,27.7
2024-12-18T04:14:56.000,27.7
2024-12-18T04:29:56.000,27
2024-12-18T04:44:56.000,26.7
2024-12-18T04:59:56.000,26.1
2024-12-18T05:14:56.000,25.7
2024-12-18T05:29:54.000,25.7
2024-12-18T05:44:54.000,25.4
2024-12-18T05:59:54.000,25.1
2024-12-18T06:14:54.000,24.8
2024-12-18T06:29:54.000,24.1
2024-12-18T06:44:54.000,24.1
2024-12-18T06:59:54.000,24.1
2024-12-18T07:14:54.000,24.1
2024-12-18T07:29:54.000,23.8
2024-12-18T07:44:54.000,23.8
2024-12-18T07:59:54.000,23.5
2024-12-18T08:14:54.000,23.5
2024-12-18T08:29:54.000,23.2
2024-12-18T08:44:54.000,23.2
2024-12-18T08:59:54.000,22.8
2024-12-18T09:14:54.000,22.8
2024-12-18T09:29:54.000,22.8
2024-12-18T09:44:54.000,22.5
2024-12-18T09:59:54.000,22.2
2024-12-18T10:14:54.000,21.9
2024-12-18T10:29:54.000,21.5
2024-12-18T10:44:54.000,21.2
2024-12-18T10:59:54.000,21.2
2024-12-18T11:14:54.000,21.2
2024-12-18T11:29:54.000,21.2
2024-12-18T11:44:54.000,21.2
2024-12-18T11:59:54.000,20.9
2024-12-18T12:14:54.000,20.9
2024-12-18T12:29:54.000,20.9
2024-12-18T12:44:54.000,20.6
2024-12-18T12:59:54.000,20.3
2024-12-18T13:14:54.000,20.3
2024-12-18T13:29:54.000,20.3
2024-12-18T13:44:54.000,20.3
2024-12-18T13:59:54.000,19.9
2024-12-18T14:14:54.000,19.9
2024-12-18T14:29:54.000,19.6
2024-12-18T14:44:54.000,19.6
2024-12-18T14:59:54.000,20.3
2024-12-18T15:14:54.000,20.9
2024-12-18T15:29:54.000,21.5
2024-12-18T15:44:54.000,22.5
2024-12-18T15:59:54.000,23.5
2024-12-18T16:14:54.000,26.1
2024-12-18T16:29:54.000,29.3
2024-12-18T16:44:54.000,32.5
2024-12-18T16:59:54.000,35.1
2024-12-18T17:14:54.000,35.1
2024-12-18T17:29:54.000,33.8
2024-12-18T17:44:54.000,33.5
2024-12-18T17:59:54.000,33.5
2024-12-18T18:14:54.000,34.1
2024-12-18T18:29:54.000,35.1
2024-12-18T18:44:54.000,35.7
2024-12-18T18:59:54.000,36.4
2024-12-18T19:14:54.000,37.3
2024-12-18T19:29:54.000,38.3
2024-12-18T19:44:54.000,39.3
2024-12-18T19:59:54.000,40.2
2024-12-18T20:14:54.000,40.9
2024-12-18T20:29:54.000,43.1
2024-12-18T20:44:54.000,45.4
2024-12-18T20:59:54.000,46.7
2024-12-18T21:14:54.000,47
2024-12-18T21:29:54.000,47
2024-12-18T21:44:54.000,47.3
2024-12-18T21:59:54.000,47
2024-12-18T22:14:54.000,46.7
2024-12-18T22:29:54.000,46.4
2024-12-18T22:44:54.000,45.7
2024-12-18T22:59:54.000,45.1
2024-12-18T23:14:54.000,44.4
2024-12-18T23:29:54.000,43.8
2024-12-18T23:44:54.000,42.8
2024-12-18T23:59:54.000,42.2
2024-12-19T00:14:54.000,40.9
2024-12-19T00:29:54.000,39.6
2024-12-19T00:44:54.000,38.3
2024-12-19T00:59:54.000,37
2024-12-19T01:14:54.000,36
2024-12-19T01:29:54.000,34.8
2024-12-19T01:44:54.000,34.1
2024-12-19T01:59:54.000,33.1
2024-12-19T02:14:54.000,32.5
2024-12-19T02:29:54.000,31.5
2024-12-19T02:44:54.000,30.9
2024-12-19T02:59:54.000,30.2
2024-12-19T03:14:54.000,29.9
2024-12-19T03:29:54.000,29.6
2024-12-19T03:44:54.000,29.3
2024-12-19T03:59:54.000,29
2024-12-19T04:14:54.000,28.6
2024-12-19T04:29:54.000,28.3
2024-12-19T04:44:52.000,28.3
2024-12-19T04:59:52.000,28
2024-12-19T05:14:52.000,27.7
2024-12-19T05:29:52.000,27.7
2024-12-19T05:44:52.000,27.3
2024-12-19T05:59:52.000,27.3
2024-12-19T06:14:52.000,27
2024-12-19T06:29:52.000,26.7
2024-12-19T06:44:52.000,26.4
2024-12-19T06:59:52.000,26.1
2024-12-19T07:14:52.000,25.4
2024-12-19T07:29:52.000,25.4
2024-12-19T07:44:52.000,25.4
2024-12-19T07:59:52.000,25.1
2024-12-19T08:14:52.000,25.1
2024-12-19T08:29:52.000,24.8
2024-12-19T08:44:52.000,24.4
2024-12-19T08:59:52.000,24.1
2024-12-19T09:14:53.000,24.1
2024-12-19T09:29:52.000,24.4
2024-12-19T09:44:52.000,24.4
2024-12-19T09:59:52.000,24.1
2024-12-19T10:14:52.000,23.8
2024-12-19T10:29:52.000,23.8
2024-12-19T10:44:53.000,23.8
2024-12-19T10:59:53.000,23.8
2024-12-19T11:14:53.000,24.1
2024-12-19T11:29:53.000,24.4
2024-12-19T11:44:53.000,24.4
2024-12-19T11:59:53.000,24.4
2024-12-19T12:14:53.000,24.1
2024-12-19T12:29:53.000,23.8
2024-12-19T12:44:53.000,23.5
2024-12-19T12:59:53.000,23.5
2024-12-19T13:14:53.000,23.5
2024-12-19T13:29:53.000,23.2
2024-12-19T13:44:53.000,23.5
2024-12-19T13:59:53.000,23.8
2024-12-19T14:14:53.000,23.8
2024-12-19T14:29:53.000,24.1
2024-12-19T14:44:53.000,24.1
2024-12-19T14:59:53.000,24.4
2024-12-19T15:14:53.000,24.8
2024-12-19T15:29:53.000,25.7
2024-12-19T15:44:53.000,26.4
2024-12-19T15:59:53.000,27.3
2024-12-19T16:14:53.000,30.2
2024-12-19T16:29:53.000,33.1
2024-12-19T16:44:53.000,35.7
2024-12-19T16:59:53.000,37.7
2024-12-19T17:14:53.000,36.7
2024-12-19T17:29:53.000,35.4
2024-12-19T17:44:53.000,34.8
2024-12-19T17:59:53.000,34.8
2024-12-19T18:14:53.000,35.1
2024-12-19T18:29:53.000,35.4
2024-12-19T18:44:53.000,35.7
2024-12-19T18:59:53.000,36.4
2024-12-19T19:14:53.000,37
2024-12-19T19:29:53.000,37.7
2024-12-19T19:44:53.000,38
2024-12-19T19:59:53.000,38.6
2024-12-19T20:14:53.000,39.3
2024-12-19T20:29:53.000,41.5
2024-12-19T20:44:53.000,43.8
2024-12-19T20:59:53.000,45.4
2024-12-19T21:14:53.000,46
2024-12-19T21:29:53.000,46.4
2024-12-19T21:44:53.000,46.4
2024-12-19T21:59:53.000,46.7
2024-12-19T22:14:53.000,46.7
2024-12-19T22:29:53.000,46.4
2024-12-19T22:44:53.000,45.7
2024-12-19T22:59:53.000,45.1
2024-12-19T23:14:53.000,44.4
2024-12-19T23:29:53.000,44.1
2024-12-19T23:44:53.000,43.1
2024-12-19T23:59:53.000,42.2
2024-12-20T00:14:53.000,41.2
2024-12-20T00:29:53.000,39.6
2024-12-20T00:44:53.000,38.3
2024-12-20T00:59:53.000,37.3
2024-12-20T01:14:53.000,36.4
2024-12-20T01:29:53.000,35.4
2024-12-20T01:44:53.000,34.8
2024-12-20T01:59:53.000,34.1
2024-12-20T02:14:53.000,33.5
2024-12-20T02:29:53.000,32.8
2024-12-20T02:44:53.000,32.2
2024-12-20T02:59:53.000,31.5
2024-12-20T03:14:53.000,30.6
2024-12-20T03:29:53.000,29.6
2024-12-20T03:44:53.000,29
2024-12-20T03:59:53.000,28.6
2024-12-20T04:14:53.000,28.3
2024-12-20T04:29:53.000,28
2024-12-20T04:44:53.000,27.7
2024-12-20T04:59:53.000,27.3
2024-12-20T05:14:51.000,27
2024-12-20T05:29:51.000,27
2024-12-20T05:44:51.000,26.7
2024-12-20T05:59:51.000,26.7
2024-12-20T06:14:51.000,26.4
2024-12-20T06:29:51.000,26.1
2024-12-20T06:44:51.000,25.7
2024-12-20T06:59:51.000,25.7
2024-12-20T07:14:51.000,25.4
2024-12-20T07:29:51.000,25.1
2024-12-20T07:44:51.000,24.8
2024-12-20T07:59:51.000,24.4
2024-12-20T08:14:51.000,24.4
2024-12-20T08:29:51.000,24.8
2024-12-20T08:44:51.000,24.8
2024-12-20T08:59:51.000,24.4
2024-12-20T09:14:51.000,24.1
2024-12-20T09:29:51.000,24.1
2024-12-20T09:44:51.000,23.8
2024-12-20T09:59:51.000,23.5
2024-12-20T10:14:51.000,23.2
2024-12-20T10:29:51.000,23.2
2024-12-20T10:44:51.000,22.8
2024-12-20T10:59:51.000,22.8
2024-12-20T11:14:51.000,22.5
2024-12-20T11:29:51.000,22.5
2024-12-20T11:44:51.000,22.2
2024-12-20T11:59:51.000,22.2
2024-12-20T12:14:51.000,21.9
2024-12-20T12:29:51.000,21.9
2024-12-20T12:44:51.000,21.9
2024-12-20T12:59:51.000,21.5
2024-12-20T13:14:51.000,21.9
2024-12-20T13:29:51.000,21.9
2024-12-20T13:44:51.000,21.9
2024-12-20T13:59:51.000,21.5
2024-12-20T14:14:51.000,21.2
2024-12-20T14:29:51.000,20.9
2024-12-20T14:44:51.000,21.2
2024-12-20T14:59:51.000,21.2
2024-12-20T15:14:51.000,21.9
2024-12-20T15:29:51.000,22.8
2024-12-20T15:44:51.000,23.5
2024-12-20T15:59:51.000,24.1
2024-12-20T16:14:51.000,26.7
2024-12-20T16:29:51.000,30.2
2024-12-20T16:44:51.000,31.9
2024-12-20T16:59:51.000,35.1
2024-12-20T17:14:51.000,35.4
2024-12-20T17:29:51.000,34.8
2024-12-20T17:44:51.000,34.4
2024-12-20T17:59:51.000,34.4
2024-12-20T18:14:51.000,35.1
2024-12-20T18:29:51.000,35.4
2024-12-20T18:44:51.000,36.4
2024-12-20T18:59:51.000,37.3
2024-12-20T19:14:51.000,38
2024-12-20T19:29:51.000,38.6
2024-12-20T19:44:51.000,39.3
2024-12-20T19:59:51.000,39.6
2024-12-20T20:14:51.000,40.2
2024-12-20T20:29:51.000,42.2
2024-12-20T20:44:51.000,44.1
2024-12-20T20:59:51.000,46
2024-12-20T21:14:51.000,46.7
2024-12-20T21:29:51.000,47
2024-12-20T21:44:51.000,47.3
2024-12-20T21:59:51.000,47.3
2024-12-20T22:14:51.000,47
2024-12-20T22:29:51.000,46.4
2024-12-20T22:44:51.000,46
2024-12-20T22:59:51.000,45.1
2024-12-20T23:14:51.000,44.8
2024-12-20T23:29:51.000,43.5
2024-12-20T23:44:51.000,42.5
2024-12-20T23:59:51.000,41.5
2024-12-21T00:14:51.000,40.6
2024-12-21T00:29:51.000,39
2024-12-21T00:44:51.000,37.7
2024-12-21T00:59:51.000,36.4
2024-12-21T01:14:51.000,36
2024-12-21T01:29:51.000,35.4
2024-12-21T01:44:51.000,34.8
2024-12-21T01:59:51.000,34.1
2024-12-21T02:14:51.000,32.8
2024-12-21T02:29:51.000,31.9
2024-12-21T02:44:51.000,31.2
2024-12-21T02:59:51.000,30.2
2024-12-21T03:14:51.000,29.9
2024-12-21T03:29:51.000,29.3
2024-12-21T03:44:51.000,29
2024-12-21T03:59:51.000,28.6
2024-12-21T04:14:51.000,28.6
2024-12-21T04:29:51.000,28.6
2024-12-21T04:44:51.000,28.6
2024-12-21T04:59:51.000,28.6
2024-12-21T05:14:49.000,28.6
2024-12-21T05:29:49.000,29
2024-12-21T05:44:49.000,29
2024-12-21T05:59:49.000,28.6
2024-12-21T06:14:49.000,28.3
2024-12-21T06:29:49.000,28
2024-12-21T06:44:49.000,27.7
2024-12-21T06:59:49.000,27.3
2024-12-21T07:14:49.000,27
2024-12-21T07:29:49.000,26.4
2024-12-21T07:44:49.000,25.7
2024-12-21T07:59:49.000,25.1
2024-12-21T08:14:49.000,24.8
2024-12-21T08:29:49.000,24.1
2024-12-21T08:44:49.000,23.8
2024-12-21T08:59:49.000,23.2
2024-12-21T09:14:49.000,22.8
2024-12-21T09:29:49.000,22.8
2024-12-21T09:44:49.000,22.5
2024-12-21T09:59:49.000,22.5
2024-12-21T10:14:49.000,22.5
2024-12-21T10:29:49.000,22.5
2024-12-21T10:44:49.000,22.5
2024-12-21T10:59:49.000,22.2
2024-12-21T11:14:49.000,22.2
2024-12-21T11:29:49.000,22.2
2024-12-21T11:44:49.000,22.2
2024-12-21T11:59:49.000,21.9
2024-12-21T12:14:49.000,21.5
2024-12-21T12:29:49.000,21.2
2024-12-21T12:44:49.000,20.9
2024-12-21T12:59:49.000,20.6
2024-12-21T13:14:49.000,20.3
2024-12-21T13:29:49.000,19.9
2024-12-21T13:44:49.000,19.9
2024-12-21T13:59:49.000,19.6
2024-12-21T14:14:49.000,19.6
2024-12-21T14:29:49.000,19.3
2024-12-21T14:44:49.000,19.6
2024-12-21T14:59:49.000,20.6
2024-12-21T15:14:49.000,20.9
2024-12-21T15:29:49.000,21.2
2024-12-21T15:44:49.000,22.2
2024-12-21T15:59:49.000,23.2
2024-12-21T16:14:49.000,26.1
2024-12-21T16:29:49.000,29.9
2024-12-21T16:44:49.000,33.5
2024-12-21T16:59:49.000,35.7
2024-12-21T17:14:49.000,35.7
2024-12-21T17:29:49.000,34.1
2024-12-21T17:44:49.000,33.5
2024-12-21T17:59:49.000,33.1
2024-12-21T18:14:49.000,33.5
2024-12-21T18:29:49.000,33.8
2024-12-21T18:44:49.000,34.4
2024-12-21T18:59:49.000,35.1
2024-12-21T19:14:49.000,36
2024-12-21T19:29:49.000,36.7
2024-12-21T19:44:49.000,37.7
2024-12-21T19:59:49.000,38.3
2024-12-21T20:14:49.000,39
2024-12-21T20:29:49.000,41.2
2024-12-21T20:44:49.000,43.8
2024-12-21T20:59:49.000,45.4
2024-12-21T21:14:49.000,46.4
2024-12-21T21:29:49.000,46.7
2024-12-21T21:44:49.000,47
2024-12-21T21:59:49.000,47
2024-12-21T22:14:49.000,46.4
2024-12-21T22:29:49.000,45.7
2024-12-21T22:44:49.000,45.4
2024-12-21T22:59:49.000,44.4
2024-12-21T23:14:49.000,43.8
2024-12-21T23:29:50.000,43.1
2024-12-21T23:44:50.000,42.2
2024-12-21T23:59:50.000,41.5
2024-12-22T00:14:50.000,40.2
2024-12-22T00:29:50.000,39
2024-12-22T00:44:50.000,37.7
2024-12-22T00:59:50.000,36.4
2024-12-22T01:14:50.000,35.4
2024-12-22T01:29:50.000,34.8
2024-12-22T01:44:50.000,34.1
2024-12-22T01:59:50.000,33.5
2024-12-22T02:14:50.000,32.8
2024-12-22T02:29:50.000,32.5
2024-12-22T02:44:50.000,32.2
2024-12-22T02:59:50.000,31.9
2024-12-22T03:14:50.000,30.9
2024-12-22T03:29:50.000,29.9
2024-12-22T03:44:50.000,29.3
2024-12-22T03:59:50.000,29
2024-12-22T04:14:50.000,28.6
2024-12-22T04:29:50.000,28.3
2024-12-22T04:44:50.000,28
2024-12-22T04:59:50.000,27.7
2024-12-22T05:14:47.000,27
2024-12-22T05:29:47.000,26.4
2024-12-22T05:44:47.000,25.7
2024-12-22T05:59:47.000,25.7
2024-12-22T06:14:47.000,25.7
2024-12-22T06:29:47.000,25.7
2024-12-22T06:44:47.000,25.7
2024-12-22T06:59:47.000,25.4
2024-12-22T07:14:48.000,25.4
2024-12-22T07:29:48.000,25.4
2024-12-22T07:44:48.000,25.1
2024-12-22T07:59:48.000,24.8
2024-12-22T08:14:48.000,24.4
2024-12-22T08:29:48.000,24.4
2024-12-22T08:44:48.000,23.8
2024-12-22T08:59:48.000,23.8
2024-12-22T09:14:48.000,23.8
2024-12-22T09:29:48.000,23.5
2024-12-22T09:44:48.000,23.2
2024-12-22T09:59:48.000,22.8
2024-12-22T10:14:48.000,22.8
2024-12-22T10:29:48.000,22.5
2024-12-22T10:44:48.000,22.5
2024-12-22T10:59:48.000,22.2
2024-12-22T11:14:48.000,21.9
2024-12-22T11:29:48.000,21.5
2024-12-22T11:44:48.000,21.5
2024-12-22T11:59:48.000,21.2
2024-12-22T12:14:48.000,21.2
2024-12-22T12:29:48.000,21.2
2024-12-22T12:44:48.000,21.2
2024-12-22T12:59:48.000,21.2
2024-12-22T13:14:48.000,21.2
2024-12-22T13:29:48.000,20.9
2024-12-22T13:44:48.000,20.6
2024-12-22T13:59:48.000,20.3
2024-12-22T14:14:48.000,19.9
2024-12-22T14:29:48.000,19.9
2024-12-22T14:44:48.000,19.9
2024-12-22T14:59:48.000,20.3
2024-12-22T15:14:48.000,20.6
2024-12-22T15:29:48.000,20.9
2024-12-22T15:44:48.000,21.5
2024-12-22T15:59:48.000,22.8
2024-12-22T16:14:48.000,25.7
2024-12-22T16:29:48.000,29
2024-12-22T16:44:48.000,32.5
2024-12-22T16:59:48.000,35.1
2024-12-22T17:14:48.000,35.1
2024-12-22T17:29:48.000,33.5
2024-12-22T17:44:48.000,33.1
2024-12-22T17:59:48.000,32.8
2024-12-22T18:14:48.000,33.1
2024-12-22T18:29:48.000,33.5
2024-12-22T18:44:48.000,34.1
2024-12-22T18:59:48.000,34.8
2024-12-22T19:14:48.000,35.4
2024-12-22T19:29:48.000,35.7
2024-12-22T19:44:48.000,36.7
2024-12-22T19:59:48.000,37.3
2024-12-22T20:14:48.000,38
2024-12-22T20:29:48.000,40.2
2024-12-22T20:44:48.000,42.5
2024-12-22T20:59:48.000,44.1
2024-12-22T21:14:48.000,45.1
2024-12-22T21:29:48.000,45.4
2024-12-22T21:44:48.000,45.4
2024-12-22T21:59:48.000,45.4
2024-12-22T22:14:48.000,45.1
2024-12-22T22:29:48.000,44.4
2024-12-22T22:44:48.000,44.1
2024-12-22T22:59:48.000,43.1
2024-12-22T23:14:48.000,42.2
2024-12-22T23:29:48.000,41.5
2024-12-22T23:44:48.000,40.2
2024-12-22T23:59:48.000,39.3
2024-12-23T00:14:48.000,38.3
2024-12-23T00:29:48.000,37.3
2024-12-23T00:44:48.000,36
2024-12-23T00:59:48.000,35.4
2024-12-23T01:14:48.000,34.8
2024-12-23T01:29:48.000,34.1
2024-12-23T01:44:48.000,33.5
2024-12-23T01:59:48.000,32.8
2024-12-23T02:14:48.000,31.9
2024-12-23T02:29:48.000,31.2
2024-12-23T02:44:48.000,30.6
2024-12-23T02:59:48.000,30.2
2024-12-23T03:14:48.000,29.6
2024-12-23T03:29:48.000,29.3
2024-12-23T03:44:48.000,29.3
2024-12-23T03:59:48.000,29.3
2024-12-23T04:14:48.000,29.3
2024-12-23T04:29:48.000,29.6
2024-12-23T04:44:48.000,29.9
2024-12-23T04:59:48.000,29.9
2024-12-23T05:14:48.000,29.9
2024-12-23T05:29:46.000,29.3
2024-12-23T05:44:46.000,29
2024-12-23T05:59:46.000,28.6
2024-12-23T06:14:46.000,28.3
2024-12-23T06:29:46.000,28
2024-12-23T06:44:46.000,28
2024-12-23T06:59:46.000,28
2024-12-23T07:14:46.000,27.7
2024-12-23T07:29:46.000,27.3
2024-12-23T07:44:46.000,27.3
2024-12-23T07:59:46.000,27.3
2024-12-23T08:14:46.000,27.3
2024-12-23T08:29:46.000,27.7
2024-12-23T08:44:46.000,27.7
2024-12-23T08:59:46.000,27.3
2024-12-23T09:14:46.000,27.3
2024-12-23T09:29:46.000,27.3
2024-12-23T09:44:46.000,27.3
2024-12-23T09:59:46.000,27.7
2024-12-23T10:14:46.000,27.7
2024-12-23T10:29:46.000,28
2024-12-23T10:44:46.000,27.7
2024-12-23T10:59:46.000,27.7
2024-12-23T11:14:46.000,27.7
2024-12-23T11:29:46.000,27.7
2024-12-23T11:44:46.000,27.7
2024-12-23T11:59:46.000,28
2024-12-23T12:14:46.000,28.3
2024-12-23T12:29:46.000,28.3
2024-12-23T12:44:46.000,28.3
2024-12-23T12:59:46.000,28
2024-12-23T13:14:46.000,27.7
2024-12-23T13:29:46.000,27.7
2024-12-23T13:44:46.000,27.3
2024-12-23T13:59:46.000,27.3
2024-12-23T14:14:46.000,26.7
2024-12-23T14:29:46.000,26.1
2024-12-23T14:44:46.000,25.4
2024-12-23T14:59:46.000,25.4
2024-12-23T15:14:46.000,25.1
2024-12-23T15:29:46.000,26.1
2024-12-23T15:44:46.000,26.7
2024-12-23T15:59:46.000,27.3
2024-12-23T16:14:46.000,29.3
2024-12-23T16:29:46.000,32.5
2024-12-23T16:44:46.000,35.4
2024-12-23T16:59:46.000,37.7
2024-12-23T17:14:46.000,37
2024-12-23T17:29:46.000,35.4
2024-12-23T17:44:46.000,34.4
2024-12-23T17:59:46.000,34.4
2024-12-23T18:14:46.000,34.4
2024-12-23T18:29:46.000,34.8
2024-12-23T18:44:46.000,35.4
2024-12-23T18:59:46.000,35.7
2024-12-23T19:14:46.000,36.4
2024-12-23T19:29:46.000,36.7
2024-12-23T19:44:46.000,37.3
2024-12-23T19:59:46.000,38
2024-12-23T20:14:46.000,38
2024-12-23T20:29:46.000,39.9
2024-12-23T20:44:46.000,42.2
2024-12-23T20:59:46.000,43.5
2024-12-23T21:14:46.000,44.1
2024-12-23T21:29:46.000,44.4
2024-12-23T21:44:46.000,44.8
2024-12-23T21:59:46.000,44.4
2024-12-23T22:14:46.000,44.4
2024-12-23T22:29:46.000,43.8
2024-12-23T22:44:46.000,43.8
2024-12-23T22:59:46.000,43.5
2024-12-23T23:14:46.000,42.5
2024-12-23T23:29:46.000,41.5
2024-12-23T23:44:46.000,40.6
2024-12-23T23:59:46.000,39.6
2024-12-24T00:14:46.000,38.3
2024-12-24T00:29:46.000,37.3
2024-12-24T00:44:46.000,36.4
2024-12-24T00:59:46.000,35.4
2024-12-24T01:14:46.000,34.8
2024-12-24T01:29:46.000,34.1
2024-12-24T01:44:46.000,33.5
2024-12-24T01:59:46.000,33.1
2024-12-24T02:14:46.000,32.8
2024-12-24T02:29:46.000,32.5
2024-12-24T02:44:46.000,31.9
2024-12-24T02:59:46.000,31.5
2024-12-24T03:14:46.000,31.2
2024-12-24T03:29:46.000,31.2
2024-12-24T03:44:46.000,31.2
2024-12-24T03:59:46.000,31.2
2024-12-24T04:14:46.000,30.6
2024-12-24T04:29:46.000,30.2
2024-12-24T04:44:46.000,29.6
2024-12-24T04:59:46.000,29
2024-12-24T05:14:44.000,28.6
2024-12-24T05:29:44.000,28.3
2024-12-24T05:44:44.000,28.6
2024-12-24T05:59:44.000,28.6
2024-12-24T06:14:44.000,28.3
2024-12-24T06:29:44.000,28
2024-12-24T06:44:44.000,28
2024-12-24T06:59:44.000,27.3
2024-12-24T07:14:44.000,27
2024-12-24T07:29:44.000,26.7
2024-12-24T07:44:44.000,26.4
2024-12-24T07:59:44.000,26.1
2024-12-24T08:14:44.000,25.7
2024-12-24T08:29:44.000,25.7
2024-12-24T08:44:44.000,25.4
2024-12-24T08:59:44.000,25.4
2024-12-24T09:14:44.000,25.4
2024-12-24T09:29:44.000,25.1
2024-12-24T09:44:44.000,24.8
2024-12-24T09:59:44.000,24.8
2024-12-24T10:14:44.000,24.4
2024-12-24T10:29:44.000,24.4
2024-12-24T10:44:44.000,24.4
2024-12-24T10:59:44.000,24.1
2024-12-24T11:14:44.000,24.1
2024-12-24T11:29:44.000,24.1
2024-12-24T11:44:44.000,24.1
2024-12-24T11:59:44.000,23.8
2024-12-24T12:14:44.000,23.5
2024-12-24T12:29:44.000,23.2
2024-12-24T12:44:44.000,23.2
2024-12-24T12:59:44.000,22.8
2024-12-24T13:14:44.000,22.8
2024-12-24T13:29:44.000,22.5
2024-12-24T13:44:44.000,22.5
2024-12-24T13:59:44.000,22.2
2024-12-24T14:14:44.000,22.2
2024-12-24T14:29:44.000,21.9
2024-12-24T14:44:44.000,22.2
2024-12-24T14:59:44.000,22.5
2024-12-24T15:14:44.000,22.5
2024-12-24T15:29:44.000,23.5
2024-12-24T15:44:44.000,24.4
2024-12-24T15:59:44.000,25.4
2024-12-24T16:14:44.000,28
2024-12-24T16:29:44.000,31.2
2024-12-24T16:44:44.000,34.1
2024-12-24T16:59:44.000,36.4
2024-12-24T17:14:44.000,36
2024-12-24T17:29:44.000,34.4
2024-12-24T17:44:44.000,33.8
2024-12-24T17:59:44.000,33.5
2024-12-24T18:14:44.000,33.8
2024-12-24T18:29:44.000,34.4
2024-12-24T18:44:44.000,35.1
2024-12-24T18:59:44.000,36
2024-12-24T19:14:44.000,37
2024-12-24T19:29:44.000,37.3
2024-12-24T19:44:44.000,38
2024-12-24T19:59:44.000,38.3
2024-12-24T20:14:44.000,39
2024-12-24T20:29:44.000,40.6
2024-12-24T20:44:44.000,43.1
2024-12-24T20:59:44.000,44.4
2024-12-24T21:14:44.000,45.4
2024-12-24T21:29:44.000,45.7
2024-12-24T21:44:44.000,46
2024-12-24T21:59:44.000,45.7
2024-12-24T22:14:44.000,45.7
2024-12-24T22:29:44.000,45.1
2024-12-24T22:44:44.000,44.4
2024-12-24T22:59:44.000,43.5
2024-12-24T23:14:44.000,42.8
2024-12-24T23:29:44.000,42.2
2024-12-24T23:44:44.000,41.2
2024-12-24T23:59:45.000,40.6
2024-12-25T00:14:45.000,39.9
2024-12-25T00:29:45.000,38.3
2024-12-25T00:44:45.000,37
2024-12-25T00:59:45.000,35.7
2024-12-25T01:14:45.000,34.8
2024-12-25T01:29:45.000,34.1
2024-12-25T01:44:45.000,33.1
2024-12-25T01:59:45.000,32.5
2024-12-25T02:14:45.000,31.9
2024-12-25T02:29:45.000,31.5
2024-12-25T02:44:45.000,31.5
2024-12-25T02:59:45.000,31.5
2024-12-25T03:14:45.000,31.2
2024-12-25T03:29:45.000,30.9
2024-12-25T03:44:45.000,30.6
2024-12-25T03:59:45.000,30.2
2024-12-25T04:14:45.000,30.2
2024-12-25T04:29:45.000,30.2
2024-12-25T04:44:45.000,29.9
2024-12-25T04:59:45.000,29.9
2024-12-25T05:14:42.000,29.9
2024-12-25T05:29:42.000,30.2
2024-12-25T05:44:42.000,30.2
2024-12-25T05:59:42.000,29.9
2024-12-25T06:14:42.000,29.9
2024-12-25T06:29:42.000,29.9
2024-12-25T06:44:42.000,29.9
2024-12-25T06:59:42.000,29.9
2024-12-25T07:14:42.000,29.6
2024-12-25T07:29:42.000,29
2024-12-25T07:44:43.000,28.6
2024-12-25T07:59:42.000,28.3
2024-12-25T08:14:43.000,28
2024-12-25T08:29:43.000,28
2024-12-25T08:44:43.000,28
2024-12-25T08:59:43.000,27.7
2024-12-25T09:14:43.000,27
2024-12-25T09:29:43.000,27
2024-12-25T09:44:43.000,27
2024-12-25T09:59:43.000,26.4
2024-12-25T10:14:43.000,26.1
2024-12-25T10:29:43.000,25.7
2024-12-25T10:44:43.000,25.4
2024-12-25T10:59:43.000,25.1
2024-12-25T11:14:43.000,24.8
2024-12-25T11:29:43.000,24.4
2024-12-25T11:44:43.000,24.4
2024-12-25T11:59:43.000,24.8
2024-12-25T12:14:43.000,24.8
2024-12-25T12:29:43.000,24.8
2024-12-25T12:44:43.000,24.8
2024-12-25T12:59:43.000,24.8
2024-12-25T13:14:43.000,24.4
2024-12-25T13:29:43.000,24.4
2024-12-25T13:44:43.000,24.1
2024-12-25T13:59:43.000,23.8
2024-12-25T14:14:43.000,23.5
2024-12-25T14:29:43.000,23.5
2024-12-25T14:44:43.000,23.2
2024-12-25T14:59:43.000,23.2
2024-12-25T15:14:43.000,23.5
2024-12-25T15:29:43.000,24.1
2024-12-25T15:44:43.000,24.8
2024-12-25T15:59:43.000,25.4
2024-12-25T16:14:43.000,27.7
2024-12-25T16:29:43.000,30.9
2024-12-25T16:44:43.000,33.8
2024-12-25T16:59:43.000,36.4
2024-12-25T17:14:43.000,37
2024-12-25T17:29:43.000,35.7
2024-12-25T17:44:43.000,35.1
2024-12-25T17:59:43.000,34.8
2024-12-25T18:14:43.000,34.4
2024-12-25T18:29:43.000,34.1
2024-12-25T18:44:43.000,34.1
2024-12-25T18:59:43.000,34.4
2024-12-25T19:14:43.000,34.4
2024-12-25T19:29:43.000,34.8
2024-12-25T19:44:43.000,34.8
2024-12-25T19:59:43.000,35.1
2024-12-25T20:14:43.000,35.4
2024-12-25T20:29:43.000,37
2024-12-25T20:44:43.000,39.3
2024-12-25T20:59:43.000,40.2
2024-12-25T21:14:43.000,40.6
2024-12-25T21:29:43.000,40.6
2024-12-25T21:44:43.000,40.2
2024-12-25T21:59:43.000,40.2
2024-12-25T22:14:43.000,39.6
2024-12-25T22:29:43.000,39
2024-12-25T22:44:43.000,38.3
2024-12-25T22:59:43.000,37.7
2024-12-25T23:14:43.000,37
2024-12-25T23:29:43.000,36.4
2024-12-25T23:44:43.000,35.7
2024-12-25T23:59:43.000,35.4
2024-12-26T00:14:43.000,34.1
2024-12-26T00:29:43.000,33.1
2024-12-26T00:44:43.000,32.2
2024-12-26T00:59:43.000,31.5
2024-12-26T01:14:43.000,30.9
2024-12-26T01:29:43.000,30.6
2024-12-26T01:44:43.000,29.9
2024-12-26T01:59:43.000,29.6
2024-12-26T02:14:43.000,29
2024-12-26T02:29:43.000,28.6
2024-12-26T02:44:43.000,28
2024-12-26T02:59:43.000,27.7
2024-12-26T03:14:43.000,27
2024-12-26T03:29:43.000,27
2024-12-26T03:44:43.000,26.7
2024-12-26T03:59:43.000,26.7
2024-12-26T04:14:43.000,26.4
2024-12-26T04:29:43.000,26.1
2024-12-26T04:44:43.000,25.7
2024-12-26T04:59:41.000,25.7
2024-12-26T05:14:41.000,25.4
2024-12-26T05:29:41.000,25.1
2024-12-26T05:44:41.000,24.8
2024-12-26T05:59:41.000,24.4
2024-12-26T06:14:41.000,24.4
2024-12-26T06:29:41.000,24.4
2024-12-26T06:44:41.000,24.8
2024-12-26T06:59:41.000,24.8
2024-12-26T07:14:41.000,24.4
2024-12-26T07:29:41.000,24.1
2024-12-26T07:44:41.000,23.5
2024-12-26T07:59:41.000,23.2
2024-12-26T08:14:41.000,22.5
2024-12-26T08:29:41.000,22.2
2024-12-26T08:44:41.000,22.2
2024-12-26T08:59:41.000,21.9
2024-12-26T09:14:41.000,21.9
2024-12-26T09:29:41.000,21.5
2024-12-26T09:44:41.000,21.2
2024-12-26T09:59:41.000,21.2
2024-12-26T10:14:41.000,20.9
2024-12-26T10:29:41.000,20.9
2024-12-26T10:44:41.000,20.6
2024-12-26T10:59:41.000,20.6
2024-12-26T11:14:41.000,20.6
2024-12-26T11:29:41.000,20.6
2024-12-26T11:44:41.000,20.6
2024-12-26T11:59:41.000,20.6
2024-12-26T12:14:41.000,20.6
2024-12-26T12:29:41.000,20.3
2024-12-26T12:44:41.000,20.3
2024-12-26T12:59:41.000,20.6
2024-12-26T13:14:41.000,20.6
2024-12-26T13:29:41.000,20.6
2024-12-26T13:44:41.000,20.6
2024-12-26T13:59:41.000,20.6
2024-12-26T14:14:41.000,20.9
2024-12-26T14:29:41.000,21.2
2024-12-26T14:44:41.000,20.9
2024-12-26T14:59:41.000,20.9
2024-12-26T15:14:41.000,20.9
2024-12-26T15:29:41.000,21.2
2024-12-26T15:44:41.000,21.9
2024-12-26T15:59:41.000,22.5
2024-12-26T16:14:41.000,25.1
2024-12-26T16:29:41.000,28.3
2024-12-26T16:44:41.000,30.9
2024-12-26T16:59:41.000,33.1
2024-12-26T17:14:41.000,33.8
2024-12-26T17:29:41.000,33.1
2024-12-26T17:44:41.000,33.8
2024-12-26T17:59:41.000,34.1
2024-12-26T18:14:41.000,34.8
2024-12-26T18:29:41.000,35.1
2024-12-26T18:44:41.000,35.4
2024-12-26T18:59:41.000,35.7
2024-12-26T19:14:41.000,36
2024-12-26T19:29:41.000,37
2024-12-26T19:44:41.000,37.3
2024-12-26T19:59:41.000,37.7
2024-12-26T20:14:41.000,38
2024-12-26T20:29:41.000,38.3
2024-12-26T20:44:41.000,38.3
2024-12-26T20:59:41.000,38
2024-12-26T21:14:41.000,37.7
2024-12-26T21:29:41.000,37.7
2024-12-26T21:44:41.000,37.7
2024-12-26T21:59:41.000,37.3
2024-12-26T22:14:41.000,36.4
2024-12-26T22:29:41.000,36
2024-12-26T22:44:41.000,36
2024-12-26T22:59:41.000,35.7
2024-12-26T23:14:41.000,35.1
2024-12-26T23:29:41.000,34.4
2024-12-26T23:44:41.000,33.8
2024-12-26T23:59:41.000,33.8
2024-12-27T00:14:41.000,33.1
2024-12-27T00:29:41.000,31.9
2024-12-27T00:44:41.000,30.9
2024-12-27T00:59:41.000,30.2
2024-12-27T01:14:41.000,29.6
2024-12-27T01:29:41.000,29
2024-12-27T01:44:41.000,28.6
2024-12-27T01:59:41.000,28
2024-12-27T02:14:41.000,27.7
2024-12-27T02:29:41.000,27.3
2024-12-27T02:44:41.000,27
2024-12-27T02:59:41.000,26.4
2024-12-27T03:14:41.000,26.1
2024-12-27T03:29:41.000,25.7
2024-12-27T03:44:41.000,25.4
2024-12-27T03:59:41.000,25.1
2024-12-27T04:14:41.000,25.1
2024-12-27T04:29:41.000,24.8
2024-12-27T04:44:41.000,24.4
2024-12-27T04:59:41.000,24.1
2024-12-27T05:14:39.000,23.5
2024-12-27T05:29:39.000,23.2
2024-12-27T05:44:39.000,23.2
2024-12-27T05:59:39.000,23.2
2024-12-27T06:14:39.000,23.2
2024-12-27T06:29:39.000,22.8
2024-12-27T06:44:39.000,22.5
2024-12-27T06:59:39.000,22.2
2024-12-27T07:14:39.000,21.9
2024-12-27T07:29:39.000,21.5
2024-12-27T07:44:39.000,21.5
2024-12-27T07:59:39.000,21.2
2024-12-27T08:14:39.000,21.2
2024-12-27T08:29:39.000,21.2
2024-12-27T08:44:39.000,21.2
2024-12-27T08:59:39.000,20.9
2024-12-27T09:14:39.000,20.9
2024-12-27T09:29:39.000,20.9
2024-12-27T09:44:39.000,20.9
2024-12-27T09:59:39.000,21.2
2024-12-27T10:14:39.000,21.2
2024-12-27T10:29:39.000,21.2
2024-12-27T10:44:39.000,21.2
2024-12-27T10:59:39.000,21.2
2024-12-27T11:14:39.000,20.9
2024-12-27T11:29:39.000,20.9
2024-12-27T11:44:39.000,20.6
2024-12-27T11:59:39.000,20.6
2024-12-27T12:14:39.000,20.3
2024-12-27T12:29:39.000,20.3
2024-12-27T12:44:39.000,19.9
2024-12-27T12:59:39.000,19.9
2024-12-27T13:14:39.000,19.9
2024-12-27T13:29:39.000,19.9
2024-12-27T13:44:39.000,19.9
2024-12-27T13:59:39.000,20.3
2024-12-27T14:14:39.000,20.3
2024-12-27T14:29:39.000,20.6
2024-12-27T14:44:39.000,20.9
2024-12-27T14:59:39.000,21.5
2024-12-27T15:14:39.000,22.2
2024-12-27T15:29:39.000,22.8
2024-12-27T15:44:39.000,24.1
2024-12-27T15:59:39.000,24.8
2024-12-27T16:14:39.000,25.7
2024-12-27T16:29:39.000,27
2024-12-27T16:44:39.000,27.7
2024-12-27T16:59:39.000,28
2024-12-27T17:14:39.000,28
2024-12-27T17:29:39.000,28.3
2024-12-27T17:44:39.000,28.6
2024-12-27T17:59:39.000,28.6
2024-12-27T18:14:39.000,29.6
2024-12-27T18:29:39.000,29.9
2024-12-27T18:44:39.000,30.9
2024-12-27T18:59:39.000,31.5
2024-12-27T19:14:39.000,32.2
2024-12-27T19:29:39.000,32.8
2024-12-27T19:44:39.000,33.8
2024-12-27T19:59:39.000,34.8
2024-12-27T20:14:40.000,35.4
2024-12-27T20:29:40.000,36.7
2024-12-27T20:44:40.000,39
2024-12-27T20:59:40.000,40.2
2024-12-27T21:14:40.000,40.9
2024-12-27T21:29:40.000,40.2
2024-12-27T21:44:40.000,39.6
2024-12-27T21:59:40.000,39.6
2024-12-27T22:14:40.000,39
2024-12-27T22:29:40.000,39
2024-12-27T22:44:40.000,39
2024-12-27T22:59:40.000,38.6
2024-12-27T23:14:40.000,38.3
2024-12-27T23:29:40.000,37.7
2024-12-27T23:44:40.000,37.3
2024-12-27T23:59:40.000,36.4
2024-12-28T00:14:40.000,35.7
2024-12-28T00:29:40.000,34.8
2024-12-28T00:44:40.000,33.5
2024-12-28T00:59:40.000,32.8
2024-12-28T01:14:40.000,32.2
2024-12-28T01:29:40.000,31.5
2024-12-28T01:44:40.000,30.6
2024-12-28T01:59:40.000,30.2
2024-12-28T02:14:40.000,29.6
2024-12-28T02:29:40.000,29.6
2024-12-28T02:44:40.000,29.3
2024-12-28T02:59:40.000,28.6
2024-12-28T03:14:40.000,28.3
2024-12-28T03:29:40.000,28
2024-12-28T03:44:40.000,28
2024-12-28T03:59:40.000,28
2024-12-28T04:14:40.000,27.7
2024-12-28T04:29:40.000,27.3
2024-12-28T04:44:40.000,26.7
2024-12-28T04:59:40.000,26.1
2024-12-28T05:14:37.000,25.4
2024-12-28T05:29:37.000,25.4
2024-12-28T05:44:37.000,24.8
2024-12-28T05:59:38.000,24.4
2024-12-28T06:14:37.000,24.1
2024-12-28T06:29:38.000,23.8
2024-12-28T06:44:38.000,23.5
2024-12-28T06:59:38.000,23.5
2024-12-28T07:14:38.000,23.2
2024-12-28T07:29:38.000,23.2
2024-12-28T07:44:38.000,23.2
2024-12-28T07:59:38.000,22.8
2024-12-28T08:14:38.000,22.8
2024-12-28T08:29:38.000,22.8
2024-12-28T08:44:38.000,22.5
2024-12-28T08:59:38.000,22.2
2024-12-28T09:14:38.000,22.2
2024-12-28T09:29:38.000,21.9
2024-12-28T09:44:38.000,21.9
2024-12-28T09:59:38.000,21.5
2024-12-28T10:14:38.000,21.5
2024-12-28T10:29:38.000,21.5
2024-12-28T10:44:38.000,21.5
2024-12-28T10:59:38.000,21.5
2024-12-28T11:14:38.000,21.2
2024-12-28T11:29:38.000,20.9
2024-12-28T11:44:38.000,20.6
2024-12-28T11:59:38.000,20.6
2024-12-28T12:14:38.000,20.3
2024-12-28T12:29:38.000,20.3
2024-12-28T12:44:38.000,20.3
2024-12-28T12:59:38.000,20.3
2024-12-28T13:14:38.000,20.3
2024-12-28T13:29:38.000,20.3
2024-12-28T13:44:38.000,19.9
2024-12-28T13:59:38.000,19.9
2024-12-28T14:14:38.000,19.6
2024-12-28T14:29:38.000,19.6
2024-12-28T14:44:38.000,19.9
2024-12-28T14:59:38.000,20.6
2024-12-28T15:14:38.000,21.2
2024-12-28T15:29:38.000,22.2
2024-12-28T15:44:38.000,23.2
2024-12-28T15:59:38.000,23.8
2024-12-28T16:14:38.000,25.7
2024-12-28T16:29:38.000,28
2024-12-28T16:44:38.000,30.2
2024-12-28T16:59:38.000,32.5
2024-12-28T17:14:38.000,33.1
2024-12-28T17:29:38.000,32.5
2024-12-28T17:44:38.000,31.9
2024-12-28T17:59:38.000,31.9
2024-12-28T18:14:38.000,32.8
2024-12-28T18:29:38.000,33.5
2024-12-28T18:44:38.000,34.4
2024-12-28T18:59:38.000,35.4
2024-12-28T19:14:38.000,36.4
2024-12-28T19:29:38.000,36.7
2024-12-28T19:44:38.000,36.4
2024-12-28T19:59:38.000,36.7
2024-12-28T20:14:38.000,36.7
2024-12-28T20:29:38.000,37.7
2024-12-28T20:44:38.000,39.9
2024-12-28T20:59:38.000,41.2
2024-12-28T21:14:38.000,41.9
2024-12-28T21:29:38.000,41.9
2024-12-28T21:44:38.000,41.9
2024-12-28T21:59:38.000,41.2
2024-12-28T22:14:38.000,40.9
2024-12-28T22:29:38.000,39.9
2024-12-28T22:44:38.000,39
2024-12-28T22:59:38.000,38.3
2024-12-28T23:14:38.000,37.7
2024-12-28T23:29:38.000,37
2024-12-28T23:44:38.000,36.4
2024-12-28T23:59:38.000,35.7
2024-12-29T00:14:38.000,34.8
2024-12-29T00:29:38.000,33.8
2024-12-29T00:44:38.000,33.1
2024-12-29T00:59:38.000,32.5
2024-12-29T01:14:38.000,31.5
2024-12-29T01:29:38.000,31.2
2024-12-29T01:44:38.000,30.6
2024-12-29T01:59:38.000,30.2
2024-12-29T02:14:38.000,29.9
2024-12-29T02:29:38.000,29.3
2024-12-29T02:44:38.000,29
2024-12-29T02:59:38.000,28.6
2024-12-29T03:14:38.000,28.3
2024-12-29T03:29:38.000,28
2024-12-29T03:44:38.000,27.7
2024-12-29T03:59:38.000,27.3
2024-12-29T04:14:38.000,27
2024-12-29T04:29:38.000,26.7
2024-12-29T04:44:38.000,26.7
2024-12-29T04:59:38.000,26.4
2024-12-29T05:14:36.000,26.1
2024-12-29T05:29:36.000,25.7
2024-12-29T05:44:36.000,25.7
2024-12-29T05:59:36.000,25.4
2024-12-29T06:14:36.000,25.4
2024-12-29T06:29:36.000,25.1
2024-12-29T06:44:36.000,25.1
2024-12-29T06:59:36.000,24.8
2024-12-29T07:14:36.000,25.1
2024-12-29T07:29:36.000,25.1
2024-12-29T07:44:36.000,24.8
2024-12-29T07:59:36.000,24.4
2024-12-29T08:14:36.000,24.4
2024-12-29T08:29:36.000,24.1
2024-12-29T08:44:36.000,23.8
2024-12-29T08:59:36.000,23.5
2024-12-29T09:14:36.000,23.5
2024-12-29T09:29:36.000,23.5
2024-12-29T09:44:36.000,23.2
2024-12-29T09:59:36.000,23.2
2024-12-29T10:14:36.000,23.2
2024-12-29T10:29:36.000,23.2
2024-12-29T10:44:36.000,22.8
2024-12-29T10:59:36.000,22.8
2024-12-29T11:14:36.000,22.5
2024-12-29T11:29:36.000,22.5
2024-12-29T11:44:36.000,22.2
2024-12-29T11:59:36.000,22.2
2024-12-29T12:14:36.000,22.5
2024-12-29T12:29:36.000,22.5
2024-12-29T12:44:36.000,22.5
2024-12-29T12:59:36.000,22.2
2024-12-29T13:14:36.000,21.9
2024-12-29T13:29:36.000,21.5
2024-12-29T13:44:36.000,21.5
2024-12-29T13:59:36.000,21.2
2024-12-29T14:14:36.000,21.2
2024-12-29T14:29:36.000,20.9
2024-12-29T14:44:36.000,21.2
2024-12-29T14:59:36.000,21.2
2024-12-29T15:14:36.000,21.5
2024-12-29T15:29:36.000,22.2
2024-12-29T15:44:36.000,23.2
2024-12-29T15:59:36.000,23.8
2024-12-29T16:14:36.000,26.1
2024-12-29T16:29:36.000,29.6
2024-12-29T16:44:36.000,32.8
2024-12-29T16:59:36.000,35.7
2024-12-29T17:14:36.000,36
2024-12-29T17:29:36.000,34.4
2024-12-29T17:44:36.000,33.8
2024-12-29T17:59:36.000,33.5
2024-12-29T18:14:36.000,33.5
2024-12-29T18:29:36.000,34.1
2024-12-29T18:44:36.000,34.8
2024-12-29T18:59:36.000,35.4
2024-12-29T19:14:36.000,36
2024-12-29T19:29:36.000,36.7
2024-12-29T19:44:36.000,37
2024-12-29T19:59:36.000,38
2024-12-29T20:14:36.000,38
2024-12-29T20:29:36.000,39.6
2024-12-29T20:44:36.000,42.5
2024-12-29T20:59:36.000,44.1
2024-12-29T21:14:36.000,45.1
2024-12-29T21:29:36.000,45.4
2024-12-29T21:44:36.000,45.7
2024-12-29T21:59:36.000,45.4
2024-12-29T22:14:36.000,45.1
2024-12-29T22:29:36.000,44.8
2024-12-29T22:44:36.000,44.1
2024-12-29T22:59:36.000,43.1
2024-12-29T23:14:36.000,42.5
2024-12-29T23:29:36.000,41.9
2024-12-29T23:44:36.000,40.9
2024-12-29T23:59:36.000,40.2
2024-12-30T00:14:36.000,39.3
2024-12-30T00:29:36.000,38.3
2024-12-30T00:44:36.000,37
2024-12-30T00:59:36.000,35.7
2024-12-30T01:14:36.000,34.8
2024-12-30T01:29:36.000,34.1
2024-12-30T01:44:36.000,33.1
2024-12-30T01:59:36.000,32.5
2024-12-30T02:14:36.000,31.9
2024-12-30T02:29:36.000,31.2
2024-12-30T02:44:36.000,30.2
2024-12-30T02:59:36.000,29.9
2024-12-30T03:14:36.000,29.6
2024-12-30T03:29:36.000,29
2024-12-30T03:44:36.000,29
2024-12-30T03:59:36.000,28.6
2024-12-30T04:14:36.000,28
2024-12-30T04:29:36.000,27.3
2024-12-30T04:44:36.000,26.7
2024-12-30T04:59:36.000,26.4
2024-12-30T05:14:34.000,26.4
2024-12-30T05:29:34.000,26.4
2024-12-30T05:44:34.000,26.4
2024-12-30T05:59:34.000,26.4
2024-12-30T06:14:34.000,26.1
2024-12-30T06:29:34.000,25.7
2024-12-30T06:44:34.000,25.4
2024-12-30T06:59:34.000,25.1
2024-12-30T07:14:34.000,24.8
2024-12-30T07:29:34.000,24.8
2024-12-30T07:44:34.000,24.4
2024-12-30T07:59:34.000,24.4
2024-12-30T08:14:34.000,24.1
2024-12-30T08:29:34.000,23.8
2024-12-30T08:44:34.000,23.8
2024-12-30T08:59:34.000,23.8
2024-12-30T09:14:34.000,23.8
2024-12-30T09:29:34.000,23.5
2024-12-30T09:44:34.000,23.5
2024-12-30T09:59:34.000,23.2
2024-12-30T10:14:34.000,22.8
2024-12-30T10:29:34.000,22.8
2024-12-30T10:44:34.000,22.8
2024-12-30T10:59:34.000,22.5
2024-12-30T11:14:34.000,22.5
2024-12-30T11:29:34.000,22.2
2024-12-30T11:44:34.000,21.9
2024-12-30T11:59:34.000,21.9
2024-12-30T12:14:34.000,21.5
2024-12-30T12:29:34.000,21.5
2024-12-30T12:44:34.000,21.5
2024-12-30T12:59:34.000,21.2
2024-12-30T13:14:34.000,21.2
2024-12-30T13:29:34.000,21.2
2024-12-30T13:44:34.000,20.9
2024-12-30T13:59:34.000,20.9
2024-12-30T14:14:34.000,20.9
2024-12-30T14:29:34.000,20.9
2024-12-30T14:44:34.000,20.9
2024-12-30T14:59:34.000,20.9
2024-12-30T15:14:34.000,21.2
2024-12-30T15:29:34.000,21.9
2024-12-30T15:44:34.000,22.5
2024-12-30T15:59:34.000,23.5
2024-12-30T16:14:34.000,25.7
2024-12-30T16:29:34.000,29.3
2024-12-30T16:44:34.000,32.8
2024-12-30T16:59:34.000,35.1
2024-12-30T17:14:34.000,35.7
2024-12-30T17:29:34.000,34.1
2024-12-30T17:44:34.000,33.1
2024-12-30T17:59:34.000,32.8
2024-12-30T18:14:34.000,33.1
2024-12-30T18:29:34.000,33.1
2024-12-30T18:44:34.000,33.8
2024-12-30T18:59:34.000,34.4
2024-12-30T19:14:34.000,35.1
2024-12-30T19:29:34.000,35.4
2024-12-30T19:44:34.000,36
2024-12-30T19:59:34.000,36.7
2024-12-30T20:14:34.000,37
2024-12-30T20:29:34.000,38.6
2024-12-30T20:44:34.000,41.2
2024-12-30T20:59:34.000,42.5
2024-12-30T21:14:34.000,43.5
2024-12-30T21:29:34.000,43.5
2024-12-30T21:44:34.000,43.5
2024-12-30T21:59:34.000,43.5
2024-12-30T22:14:34.000,43.5
2024-12-30T22:29:34.000,42.8
2024-12-30T22:44:35.000,42.5
2024-12-30T22:59:34.000,41.9
2024-12-30T23:14:35.000,41.2
2024-12-30T23:29:35.000,40.9
2024-12-30T23:44:35.000,39.9
2024-12-30T23:59:35.000,39.3
2024-12-31T00:14:35.000,38.3
2024-12-31T00:29:35.000,37
2024-12-31T00:44:35.000,36
2024-12-31T00:59:34.000,34.8
2024-12-31T01:14:35.000,34.1
2024-12-31T01:29:35.000,33.8
2024-12-31T01:44:35.000,33.1
2024-12-31T01:59:35.000,32.2
2024-12-31T02:14:35.000,31.2
2024-12-31T02:29:35.000,30.9
2024-12-31T02:44:35.000,30.6
2024-12-31T02:59:35.000,29.9
2024-12-31T03:14:35.000,29.6
2024-12-31T03:29:35.000,29.3
2024-12-31T03:44:35.000,28.6
2024-12-31T03:59:35.000,28.3
2024-12-31T04:14:35.000,28
2024-12-31T04:29:35.000,27.7
2024-12-31T04:44:35.000,27.3
2024-12-31T04:59:35.000,27
2024-12-31T05:14:32.000,26.7
2024-12-31T05:29:32.000,26.4
2024-12-31T05:44:32.000,25.7
2024-12-31T05:59:33.000,25.4
2024-12-31T06:14:33.000,25.1
2024-12-31T06:29:33.000,24.8
2024-12-31T06:44:33.000,24.4
2024-12-31T06:59:33.000,24.4
2024-12-31T07:14:33.000,24.1
2024-12-31T07:29:33.000,24.1
2024-12-31T07:44:33.000,24.1
2024-12-31T07:59:33.000,24.1
2024-12-31T08:14:33.000,23.8
2024-12-31T08:29:33.000,23.5
2024-12-31T08:44:33.000,23.5
2024-12-31T08:59:33.000,22.8
2024-12-31T09:14:33.000,22.5
2024-12-31T09:29:33.000,22.2
2024-12-31T09:44:33.000,22.2
2024-12-31T09:59:33.000,22.5
2024-12-31T10:14:33.000,22.2
2024-12-31T10:29:33.000,22.2
2024-12-31T10:44:33.000,21.9
2024-12-31T10:59:33.000,21.5
2024-12-31T11:14:33.000,21.2
2024-12-31T11:29:33.000,21.2
2024-12-31T11:44:33.000,20.9
2024-12-31T11:59:33.000,20.9
2024-12-31T12:14:33.000,20.6
2024-12-31T12:29:33.000,20.6
2024-12-31T12:44:33.000,20.6
2024-12-31T12:59:33.000,20.6
2024-12-31T13:14:33.000,20.6
2024-12-31T13:29:33.000,20.3
2024-12-31T13:44:33.000,20.3
2024-12-31T13:59:33.000,20.3
2024-12-31T14:14:33.000,19.9
2024-12-31T14:29:33.000,19.9
2024-12-31T14:44:33.000,19.9
2024-12-31T14:59:33.000,20.3
2024-12-31T15:14:33.000,20.6
2024-12-31T15:29:33.000,21.5
2024-12-31T15:44:33.000,22.2
2024-12-31T15:59:33.000,23.5
2024-12-31T16:14:33.000,25.7
2024-12-31T16:29:33.000,29.3
2024-12-31T16:44:33.000,32.2
2024-12-31T16:59:33.000,34.4
2024-12-31T17:14:33.000,35.4
2024-12-31T17:29:33.000,34.1
2024-12-31T17:44:33.000,33.5
2024-12-31T17:59:33.000,32.8
2024-12-31T18:14:33.000,33.1
2024-12-31T18:29:33.000,33.1
2024-12-31T18:44:33.000,34.1
2024-12-31T18:59:33.000,35.4
2024-12-31T19:14:33.000,36
2024-12-31T19:29:33.000,37
2024-12-31T19:44:33.000,38
2024-12-31T19:59:33.000,38
2024-12-31T20:14:33.000,38.6
2024-12-31T20:29:33.000,39.6
2024-12-31T20:44:33.000,41.5
2024-12-31T20:59:33.000,42.5
2024-12-31T21:14:33.000,43.1
2024-12-31T21:29:33.000,43.1
2024-12-31T21:44:33.000,43.5
2024-12-31T21:59:33.000,43.1
2024-12-31T22:14:33.000,43.1
2024-12-31T22:29:33.000,42.8
2024-12-31T22:44:33.000,42.2
2024-12-31T22:59:33.000,41.5
2024-12-31T23:14:33.000,40.6
2024-12-31T23:29:33.000,39.9
2024-12-31T23:44:33.000,39
2024-12-31T23:59:33.000,38.3
2025-01-01T00:14:33.000,37.3
2025-01-01T00:29:33.000,36
2025-01-01T00:44:33.000,35.1
2025-01-01T00:59:33.000,33.8
2025-01-01T01:14:33.000,33.1
2025-01-01T01:29:33.000,32.2
2025-01-01T01:44:33.000,31.2
2025-01-01T01:59:33.000,30.6
2025-01-01T02:14:33.000,30.2
2025-01-01T02:29:33.000,29.9
2025-01-01T02:44:33.000,29.3
2025-01-01T02:59:33.000,28.6
2025-01-01T03:14:33.000,28.3
2025-01-01T03:29:33.000,27.7
2025-01-01T03:44:33.000,27
2025-01-01T03:59:33.000,26.7
2025-01-01T04:14:33.000,26.4
2025-01-01T04:29:33.000,26.1
2025-01-01T04:44:33.000,25.7
2025-01-01T04:59:33.000,25.4
2025-01-01T05:14:33.000,25.1
2025-01-01T05:29:31.000,24.8
2025-01-01T05:44:31.000,24.4
2025-01-01T05:59:31.000,24.1
2025-01-01T06:14:31.000,23.8
2025-01-01T06:29:31.000,23.5
2025-01-01T06:44:31.000,23.2
2025-01-01T06:59:31.000,22.8
2025-01-01T07:14:31.000,22.5
2025-01-01T07:29:31.000,22.5
2025-01-01T07:44:31.000,22.5
2025-01-01T07:59:31.000,22.5
2025-01-01T08:14:31.000,22.5
2025-01-01T08:29:31.000,22.5
2025-01-01T08:44:31.000,22.8
2025-01-01T08:59:31.000,22.5
2025-01-01T09:14:31.000,22.5
2025-01-01T09:29:31.000,22.5
2025-01-01T09:44:31.000,22.5
2025-01-01T09:59:31.000,22.5
2025-01-01T10:14:31.000,22.2
2025-01-01T10:29:31.000,21.9
2025-01-01T10:44:31.000,21.9
2025-01-01T10:59:31.000,21.5
2025-01-01T11:14:31.000,21.2
2025-01-01T11:29:31.000,21.2
2025-01-01T11:44:31.000,20.9
2025-01-01T11:59:31.000,20.6
2025-01-01T12:14:31.000,20.3
2025-01-01T12:29:31.000,19.9
2025-01-01T12:44:31.000,19.6
2025-01-01T12:59:31.000,19.6
2025-01-01T13:14:31.000,19.3
2025-01-01T13:29:31.000,19.3
2025-01-01T13:44:31.000,19
2025-01-01T13:59:31.000,19
2025-01-01T14:14:31.000,18.6
2025-01-01T14:29:31.000,18.6
2025-01-01T14:44:31.000,19
2025-01-01T14:59:31.000,19
2025-01-01T15:14:31.000,19.3
2025-01-01T15:29:31.000,19.9
2025-01-01T15:44:31.000,20.6
2025-01-01T15:59:31.000,21.5
2025-01-01T16:14:31.000,24.1
2025-01-01T16:29:31.000,27.7
2025-01-01T16:44:31.000,30.6
2025-01-01T16:59:31.000,33.1
2025-01-01T17:14:31.000,34.4
2025-01-01T17:29:31.000,32.8
2025-01-01T17:44:31.000,31.9
2025-01-01T17:59:31.000,31.5
2025-01-01T18:14:31.000,31.5
2025-01-01T18:29:31.000,31.9
2025-01-01T18:44:31.000,32.2
2025-01-01T18:59:31.000,32.8
2025-01-01T19:14:31.000,33.5
2025-01-01T19:29:31.000,34.1
2025-01-01T19:44:31.000,34.4
2025-01-01T19:59:31.000,35.1
2025-01-01T20:14:31.000,35.7
2025-01-01T20:29:31.000,37.7
2025-01-01T20:44:31.000,40.2
2025-01-01T20:59:31.000,41.9
2025-01-01T21:14:31.000,42.8
2025-01-01T21:29:31.000,43.1
2025-01-01T21:44:31.000,43.1
2025-01-01T21:59:31.000,42.8
2025-01-01T22:14:31.000,42.5
2025-01-01T22:29:31.000,42.2
2025-01-01T22:44:31.000,41.9
2025-01-01T22:59:31.000,41.2
2025-01-01T23:14:31.000,40.6
2025-01-01T23:29:31.000,39.9
2025-01-01T23:44:31.000,39
2025-01-01T23:59:31.000,38.6
2025-01-02T00:14:31.000,37.7
2025-01-02T00:29:31.000,36.4
2025-01-02T00:44:31.000,35.1
2025-01-02T00:59:31.000,33.5
2025-01-02T01:14:31.000,32.2
2025-01-02T01:29:31.000,31.5
2025-01-02T01:44:31.000,30.9
2025-01-02T01:59:31.000,30.2
2025-01-02T02:14:31.000,30.2
2025-01-02T02:29:31.000,29.9
2025-01-02T02:44:31.000,29.6
2025-01-02T02:59:32.000,29
2025-01-02T03:14:31.000,28
2025-01-02T03:29:31.000,27.3
2025-01-02T03:44:31.000,26.7
2025-01-02T03:59:31.000,26.4
2025-01-02T04:14:31.000,25.7
2025-01-02T04:29:31.000,25.4
2025-01-02T04:44:31.000,25.1
2025-01-02T04:59:31.000,24.8
2025-01-02T05:14:29.000,24.1
2025-01-02T05:29:29.000,24.1
2025-01-02T05:44:29.000,23.8
2025-01-02T05:59:29.000,23.5
2025-01-02T06:14:29.000,23.2
2025-01-02T06:29:29.000,23.2
2025-01-02T06:44:29.000,23.2
2025-01-02T06:59:29.000,23.2
2025-01-02T07:14:29.000,23.2
2025-01-02T07:29:29.000,22.8
2025-01-02T07:44:29.000,22.8
2025-01-02T07:59:29.000,22.8
2025-01-02T08:14:29.000,22.8
2025-01-02T08:29:29.000,22.8
2025-01-02T08:44:29.000,22.5
2025-01-02T08:59:29.000,22.5
2025-01-02T09:14:29.000,22.5
2025-01-02T09:29:29.000,22.5
2025-01-02T09:44:29.000,22.5
2025-01-02T09:59:29.000,22.2
2025-01-02T10:14:29.000,22.2
2025-01-02T10:29:29.000,22.5
2025-01-02T10:44:29.000,22.5
2025-01-02T10:59:29.000,22.2
2025-01-02T11:14:29.000,21.9
2025-01-02T11:29:29.000,21.5
2025-01-02T11:44:29.000,20.9
2025-01-02T11:59:29.000,20.6
2025-01-02T12:14:29.000,20.6
2025-01-02T12:29:29.000,20.6
2025-01-02T12:44:29.000,20.6
2025-01-02T12:59:29.000,20.6
2025-01-02T13:14:29.000,20.6
2025-01-02T13:29:29.000,20.3
2025-01-02T13:44:29.000,20.3
2025-01-02T13:59:29.000,19.9
2025-01-02T14:14:29.000,19.9
2025-01-02T14:29:29.000,19.6
2025-01-02T14:44:29.000,19.6
2025-01-02T14:59:29.000,19.3
2025-01-02T15:14:29.000,19.6
2025-01-02T15:29:29.000,20.6
2025-01-02T15:44:29.000,21.2
2025-01-02T15:59:29.000,22.2
2025-01-02T16:14:29.000,24.4
2025-01-02T16:29:29.000,28
2025-01-02T16:44:29.000,31.5
2025-01-02T16:59:29.000,34.4
2025-01-02T17:14:29.000,35.7
2025-01-02T17:29:29.000,34.1
2025-01-02T17:44:29.000,32.8
2025-01-02T17:59:29.000,31.9
2025-01-02T18:14:29.000,31.5
2025-01-02T18:29:29.000,31.9
2025-01-02T18:44:29.000,32.2
2025-01-02T18:59:29.000,32.8
2025-01-02T19:14:30.000,33.5
2025-01-02T19:29:30.000,34.1
2025-01-02T19:44:30.000,35.1
2025-01-02T19:59:30.000,35.7
2025-01-02T20:14:30.000,36.4
2025-01-02T20:29:30.000,38.3
2025-01-02T20:44:30.000,41.2
2025-01-02T20:59:30.000,42.8
2025-01-02T21:14:29.000,44.1
2025-01-02T21:29:30.000,44.1
2025-01-02T21:44:30.000,44.4
2025-01-02T21:59:30.000,44.1
2025-01-02T22:14:30.000,44.1
2025-01-02T22:29:30.000,43.8
2025-01-02T22:44:30.000,43.1
2025-01-02T22:59:30.000,42.5
2025-01-02T23:14:30.000,42.2
2025-01-02T23:29:30.000,41.5
2025-01-02T23:44:30.000,40.6
2025-01-02T23:59:30.000,39.9
2025-01-03T00:14:30.000,39.3
2025-01-03T00:29:30.000,38.3
2025-01-03T00:44:30.000,36.7
2025-01-03T00:59:30.000,35.4
2025-01-03T01:14:30.000,34.4
2025-01-03T01:29:30.000,33.8
2025-01-03T01:44:30.000,32.8
2025-01-03T01:59:30.000,32.5
2025-01-03T02:14:30.000,31.9
2025-01-03T02:29:30.000,31.2
2025-01-03T02:44:30.000,30.2
2025-01-03T02:59:30.000,30.2
2025-01-03T03:14:30.000,29.6
2025-01-03T03:29:30.000,29
2025-01-03T03:44:30.000,28.3
2025-01-03T03:59:30.000,27.7
2025-01-03T04:14:30.000,27.3
2025-01-03T04:29:30.000,27.3
2025-01-03T04:44:30.000,27.3
2025-01-03T04:59:30.000,27
2025-01-03T05:14:28.000,26.7
2025-01-03T05:29:28.000,26.4
2025-01-03T05:44:28.000,25.7
2025-01-03T05:59:28.000,25.7
2025-01-03T06:14:28.000,25.4
2025-01-03T06:29:28.000,25.1
2025-01-03T06:44:28.000,24.8
2025-01-03T06:59:28.000,24.4
2025-01-03T07:14:28.000,24.4
2025-01-03T07:29:28.000,24.4
2025-01-03T07:44:28.000,24.4
2025-01-03T07:59:28.000,24.1
2025-01-03T08:14:28.000,23.8
2025-01-03T08:29:28.000,23.5
2025-01-03T08:44:28.000,23.5
2025-01-03T08:59:28.000,23.2
2025-01-03T09:14:28.000,22.8
2025-01-03T09:29:28.000,22.8
2025-01-03T09:44:28.000,22.5
2025-01-03T09:59:28.000,22.5
2025-01-03T10:14:28.000,22.5
2025-01-03T10:29:28.000,22.5
2025-01-03T10:44:28.000,22.8
2025-01-03T10:59:28.000,22.5
2025-01-03T11:14:28.000,22.5
2025-01-03T11:29:28.000,22.2
2025-01-03T11:44:28.000,22.2
2025-01-03T11:59:28.000,22.2
2025-01-03T12:14:28.000,22.2
2025-01-03T12:29:28.000,21.9
2025-01-03T12:44:28.000,21.5
2025-01-03T12:59:28.000,21.2
2025-01-03T13:14:28.000,21.2
2025-01-03T13:29:28.000,20.9
2025-01-03T13:44:28.000,21.2
2025-01-03T13:59:28.000,20.9
2025-01-03T14:14:28.000,20.6
2025-01-03T14:29:28.000,20.6
2025-01-03T14:44:28.000,20.9
2025-01-03T14:59:28.000,21.5
2025-01-03T15:14:28.000,22.2
2025-01-03T15:29:28.000,23.5
2025-01-03T15:44:28.000,24.8
2025-01-03T15:59:28.000,26.4
2025-01-03T16:14:28.000,28.3
2025-01-03T16:29:28.000,30.9
2025-01-03T16:44:28.000,34.4
2025-01-03T16:59:28.000,36.7
2025-01-03T17:14:28.000,38
2025-01-03T17:29:28.000,37.3
2025-01-03T17:44:28.000,37
2025-01-03T17:59:28.000,37
2025-01-03T18:14:28.000,37
2025-01-03T18:29:28.000,38
2025-01-03T18:44:28.000,38.3
2025-01-03T18:59:28.000,39.6
2025-01-03T19:14:28.000,40.6
2025-01-03T19:29:28.000,41.5
2025-01-03T19:44:28.000,42.5
2025-01-03T19:59:28.000,43.1
2025-01-03T20:14:28.000,43.1
2025-01-03T20:29:28.000,44.8
2025-01-03T20:44:28.000,46.4
2025-01-03T20:59:28.000,47.3
2025-01-03T21:14:28.000,48
2025-01-03T21:29:28.000,48.3
2025-01-03T21:44:28.000,48.6
2025-01-03T21:59:28.000,48.6
2025-01-03T22:14:28.000,48.3
2025-01-03T22:29:28.000,47.7
2025-01-03T22:44:28.000,47.3
2025-01-03T22:59:28.000,46.7
2025-01-03T23:14:28.000,46
2025-01-03T23:29:28.000,44.8
2025-01-03T23:44:28.000,44.1
2025-01-03T23:59:28.000,43.1
2025-01-04T00:14:28.000,41.9
2025-01-04T00:29:28.000,40.6
2025-01-04T00:44:28.000,39.3
2025-01-04T00:59:28.000,38.3
2025-01-04T01:14:28.000,37
2025-01-04T01:29:29.000,36.4
2025-01-04T01:44:28.000,35.7
2025-01-04T01:59:28.000,35.1
2025-01-04T02:14:28.000,34.8
2025-01-04T02:29:28.000,34.1
2025-01-04T02:44:28.000,33.5
2025-01-04T02:59:28.000,33.1
2025-01-04T03:14:28.000,32.5
2025-01-04T03:29:28.000,31.9
2025-01-04T03:44:28.000,31.5
2025-01-04T03:59:28.000,31.2
2025-01-04T04:14:28.000,31.2
2025-01-04T04:29:28.000,31.2
2025-01-04T04:44:28.000,30.9
2025-01-04T04:59:28.000,30.6
2025-01-04T05:14:26.000,30.2
2025-01-04T05:29:26.000,29.9
2025-01-04T05:44:26.000,29.6
2025-01-04T05:59:26.000,29.3
2025-01-04T06:14:26.000,28.6
2025-01-04T06:29:26.000,28.3
2025-01-04T06:44:26.000,28
2025-01-04T06:59:26.000,27.7
2025-01-04T07:14:26.000,27.7
2025-01-04T07:29:26.000,27.7
2025-01-04T07:44:26.000,27.3
2025-01-04T07:59:26.000,27
2025-01-04T08:14:26.000,26.7
2025-01-04T08:29:26.000,26.7
2025-01-04T08:44:26.000,26.7
2025-01-04T08:59:26.000,27
2025-01-04T09:14:26.000,27.3
2025-01-04T09:29:26.000,27.3
2025-01-04T09:44:26.000,27
2025-01-04T09:59:26.000,27
2025-01-04T10:14:26.000,27
2025-01-04T10:29:26.000,27
2025-01-04T10:44:26.000,27
2025-01-04T10:59:26.000,26.7
2025-01-04T11:14:26.000,26.4
2025-01-04T11:29:26.000,26.4
2025-01-04T11:44:26.000,26.4
2025-01-04T11:59:26.000,26.7
2025-01-04T12:14:26.000,26.7
2025-01-04T12:29:26.000,26.4
2025-01-04T12:44:26.000,26.4
2025-01-04T12:59:26.000,26.1
2025-01-04T13:14:26.000,25.7
2025-01-04T13:29:26.000,25.4
2025-01-04T13:44:26.000,24.8
2025-01-04T13:59:26.000,24.4
2025-01-04T14:14:26.000,24.1
2025-01-04T14:29:26.000,24.1
2025-01-04T14:44:26.000,24.4
2025-01-04T14:59:26.000,24.1
2025-01-04T15:14:26.000,24.1
2025-01-04T15:29:26.000,24.4
2025-01-04T15:44:26.000,25.1
2025-01-04T15:59:26.000,26.4
2025-01-04T16:14:26.000,28.3
2025-01-04T16:29:26.000,31.5
2025-01-04T16:44:26.000,35.1
2025-01-04T16:59:26.000,37.7
2025-01-04T17:14:26.000,39
2025-01-04T17:29:26.000,37.3
2025-01-04T17:44:26.000,36
2025-01-04T17:59:26.000,35.1
2025-01-04T18:14:26.000,34.4
2025-01-04T18:29:26.000,34.8
2025-01-04T18:44:26.000,35.1
2025-01-04T18:59:26.000,35.7
2025-01-04T19:14:26.000,36
2025-01-04T19:29:26.000,36.7
2025-01-04T19:44:26.000,37.3
2025-01-04T19:59:26.000,37.7
2025-01-04T20:14:26.000,38.3
2025-01-04T20:29:26.000,39.6
2025-01-04T20:44:26.000,41.9
2025-01-04T20:59:26.000,43.1
2025-01-04T21:14:26.000,43.5
2025-01-04T21:29:26.000,43.5
2025-01-04T21:44:26.000,43.1
2025-01-04T21:59:26.000,42.8
2025-01-04T22:14:26.000,42.2
2025-01-04T22:29:26.000,41.9
2025-01-04T22:44:26.000,41.2
2025-01-04T22:59:26.000,40.9
2025-01-04T23:14:26.000,39.9
2025-01-04T23:29:26.000,39.3
2025-01-04T23:44:26.000,38.6
2025-01-04T23:59:26.000,38
2025-01-05T00:14:26.000,37
2025-01-05T00:29:26.000,35.7
2025-01-05T00:44:26.000,34.8
2025-01-05T00:59:26.000,34.1
2025-01-05T01:14:26.000,33.1
2025-01-05T01:29:26.000,32.8
2025-01-05T01:44:26.000,32.5
2025-01-05T01:59:26.000,31.9
2025-01-05T02:14:26.000,31.5
2025-01-05T02:29:26.000,31.2
2025-01-05T02:44:26.000,30.9
2025-01-05T02:59:26.000,30.6
2025-01-05T03:14:26.000,30.6
2025-01-05T03:29:27.000,30.2
2025-01-05T03:44:27.000,29.6
2025-01-05T03:59:27.000,29.3
2025-01-05T04:14:27.000,28.6
2025-01-05T04:29:27.000,28.3
2025-01-05T04:44:27.000,27.7
2025-01-05T04:59:27.000,27.3
2025-01-05T05:14:24.000,27
2025-01-05T05:29:24.000,26.7
2025-01-05T05:44:24.000,26.4
2025-01-05T05:59:24.000,26.1
2025-01-05T06:14:24.000,26.1
2025-01-05T06:29:24.000,25.7
2025-01-05T06:44:24.000,25.4
2025-01-05T06:59:24.000,25.1
2025-01-05T07:14:24.000,24.8
2025-01-05T07:29:24.000,24.4
2025-01-05T07:44:24.000,24.1
2025-01-05T07:59:24.000,23.8
2025-01-05T08:14:24.000,23.5
2025-01-05T08:29:24.000,22.8
2025-01-05T08:44:24.000,22.5
2025-01-05T08:59:24.000,22.2
2025-01-05T09:14:24.000,22.2
2025-01-05T09:29:24.000,22.5
2025-01-05T09:44:24.000,22.5
2025-01-05T09:59:24.000,22.5
2025-01-05T10:14:24.000,22.2
2025-01-05T10:29:24.000,22.2
2025-01-05T10:44:25.000,22.2
2025-01-05T10:59:25.000,21.5
2025-01-05T11:14:25.000,21.5
2025-01-05T11:29:25.000,21.2
2025-01-05T11:44:25.000,20.9
2025-01-05T11:59:25.000,20.6
2025-01-05T12:14:25.000,20.6
2025-01-05T12:29:25.000,20.6
2025-01-05T12:44:25.000,20.9
2025-01-05T12:59:25.000,20.9
2025-01-05T13:14:25.000,20.9
2025-01-05T13:29:25.000,20.6
2025-01-05T13:44:25.000,20.6
2025-01-05T13:59:25.000,20.6
2025-01-05T14:14:25.000,20.6
2025-01-05T14:29:25.000,20.3
2025-01-05T14:44:25.000,20.6
2025-01-05T14:59:25.000,20.6
2025-01-05T15:14:25.000,20.9
2025-01-05T15:29:25.000,21.2
2025-01-05T15:44:25.000,22.2
2025-01-05T15:59:25.000,23.8
2025-01-05T16:14:25.000,25.4
2025-01-05T16:29:25.000,28.3
2025-01-05T16:44:25.000,31.5
2025-01-05T16:59:25.000,34.4
2025-01-05T17:14:25.000,35.7
2025-01-05T17:29:25.000,34.1
2025-01-05T17:44:25.000,32.2
2025-01-05T17:59:25.000,31.5
2025-01-05T18:14:25.000,30.9
2025-01-05T18:29:25.000,30.9
2025-01-05T18:44:25.000,31.5
2025-01-05T18:59:25.000,32.2
2025-01-05T19:14:25.000,33.1
2025-01-05T19:29:25.000,33.1
2025-01-05T19:44:25.000,33.5
2025-01-05T19:59:25.000,33.8
2025-01-05T20:14:25.000,34.1
2025-01-05T20:29:25.000,35.7
2025-01-05T20:44:25.000,38
2025-01-05T20:59:25.000,39.6
2025-01-05T21:14:25.000,39.6
2025-01-05T21:29:25.000,39.6
2025-01-05T21:44:25.000,39
2025-01-05T21:59:25.000,39
2025-01-05T22:14:25.000,38.6
2025-01-05T22:29:25.000,38.6
2025-01-05T22:44:25.000,38.3
2025-01-05T22:59:25.000,38.3
2025-01-05T23:14:25.000,38
2025-01-05T23:29:25.000,37.3
2025-01-05T23:44:25.000,36.4
2025-01-05T23:59:25.000,35.7
2025-01-06T00:14:25.000,35.1
2025-01-06T00:29:25.000,34.1
2025-01-06T00:44:25.000,32.8
2025-01-06T00:59:25.000,32.2
2025-01-06T01:14:25.000,31.2
2025-01-06T01:29:25.000,30.6
2025-01-06T01:44:25.000,29.6
2025-01-06T01:59:25.000,29
2025-01-06T02:14:25.000,28.6
2025-01-06T02:29:25.000,28.3
2025-01-06T02:44:25.000,28.3
2025-01-06T02:59:25.000,28
2025-01-06T03:14:25.000,27.7
2025-01-06T03:29:25.000,27.3
2025-01-06T03:44:25.000,27
2025-01-06T03:59:25.000,26.4
2025-01-06T04:14:25.000,25.7
2025-01-06T04:29:25.000,25.1
2025-01-06T04:44:25.000,24.8
2025-01-06T04:59:25.000,24.4
2025-01-06T05:14:23.000,24.1
2025-01-06T05:29:23.000,24.1
2025-01-06T05:44:23.000,24.1
2025-01-06T05:59:23.000,23.8
2025-01-06T06:14:23.000,23.5
2025-01-06T06:29:23.000,23.2
2025-01-06T06:44:23.000,23.2
2025-01-06T06:59:23.000,22.8
2025-01-06T07:14:23.000,22.8
2025-01-06T07:29:23.000,22.5
2025-01-06T07:44:23.000,22.5
2025-01-06T07:59:23.000,22.5
2025-01-06T08:14:23.000,22.8
2025-01-06T08:29:23.000,22.5
2025-01-06T08:44:23.000,22.2
2025-01-06T08:59:23.000,21.9
2025-01-06T09:14:23.000,21.5
2025-01-06T09:29:23.000,21.2
2025-01-06T09:44:23.000,21.2
2025-01-06T09:59:23.000,20.9
2025-01-06T10:14:23.000,20.9
2025-01-06T10:29:23.000,20.6
2025-01-06T10:44:23.000,20.3
2025-01-06T10:59:23.000,19.9
2025-01-06T11:14:23.000,19.9
2025-01-06T11:29:23.000,19.6
2025-01-06T11:44:23.000,19.3
2025-01-06T11:59:23.000,19.3
2025-01-06T12:14:23.000,19.6
2025-01-06T12:29:23.000,19.6
2025-01-06T12:44:23.000,19.9
2025-01-06T12:59:23.000,19.9
2025-01-06T13:14:23.000,19.9
2025-01-06T13:29:23.000,19.6
2025-01-06T13:44:23.000,19.3
2025-01-06T13:59:23.000,19
2025-01-06T14:14:23.000,19
2025-01-06T14:29:23.000,19
2025-01-06T14:44:23.000,19
2025-01-06T14:59:23.000,19
2025-01-06T15:14:23.000,19
2025-01-06T15:29:23.000,19.3
2025-01-06T15:44:23.000,20.6
2025-01-06T15:59:23.000,22.2
2025-01-06T16:14:23.000,24.4
2025-01-06T16:29:23.000,27.7
2025-01-06T16:44:23.000,30.9
2025-01-06T16:59:23.000,32.8
2025-01-06T17:14:23.000,34.8
2025-01-06T17:29:23.000,33.8
2025-01-06T17:44:23.000,32.5
2025-01-06T17:59:23.000,32.8
2025-01-06T18:14:23.000,34.8
2025-01-06T18:29:23.000,36.7
2025-01-06T18:44:23.000,37.7
2025-01-06T18:59:23.000,38.3
2025-01-06T19:14:23.000,38.6
2025-01-06T19:29:23.000,38.3
2025-01-06T19:44:23.000,38
2025-01-06T19:59:23.000,37
2025-01-06T20:14:23.000,37
2025-01-06T20:29:23.000,38.3
2025-01-06T20:44:23.000,40.2
2025-01-06T20:59:23.000,41.5
2025-01-06T21:14:23.000,41.9
2025-01-06T21:29:23.000,42.2
2025-01-06T21:44:23.000,42.2
2025-01-06T21:59:23.000,41.9
2025-01-06T22:14:23.000,41.5
2025-01-06T22:29:23.000,41.2
2025-01-06T22:44:23.000,40.6
2025-01-06T22:59:23.000,39.6
2025-01-06T23:14:23.000,39.3
2025-01-06T23:29:23.000,38.3
2025-01-06T23:44:23.000,37.7
2025-01-06T23:59:23.000,37
2025-01-07T00:14:23.000,36.4
2025-01-07T00:29:23.000,35.1
2025-01-07T00:44:23.000,33.8
2025-01-07T00:59:23.000,32.8
2025-01-07T01:14:23.000,31.9
2025-01-07T01:29:23.000,31.2
2025-01-07T01:44:23.000,30.2
2025-01-07T01:59:23.000,29.6
2025-01-07T02:14:23.000,28.6
2025-01-07T02:29:23.000,27.7
2025-01-07T02:44:23.000,27.3
2025-01-07T02:59:23.000,27
2025-01-07T03:14:23.000,26.7
2025-01-07T03:29:24.000,26.1
2025-01-07T03:44:24.000,25.7
2025-01-07T03:59:24.000,25.7
2025-01-07T04:14:24.000,25.7
2025-01-07T04:29:24.000,25.7
2025-01-07T04:44:24.000,25.7
2025-01-07T04:59:24.000,25.4
2025-01-07T05:14:21.000,25.1
2025-01-07T05:29:21.000,24.8
2025-01-07T05:44:21.000,24.4
2025-01-07T05:59:21.000,24.1
2025-01-07T06:14:21.000,23.5
2025-01-07T06:29:21.000,23.2
2025-01-07T06:44:21.000,23.2
2025-01-07T06:59:21.000,23.2
2025-01-07T07:14:21.000,23.2
2025-01-07T07:29:22.000,23.2
2025-01-07T07:44:22.000,23.2
2025-01-07T07:59:22.000,23.2
2025-01-07T08:14:21.000,23.2
2025-01-07T08:29:22.000,23.2
2025-01-07T08:44:22.000,23.2
2025-01-07T08:59:22.000,22.5
2025-01-07T09:14:22.000,22.5
2025-01-07T09:29:22.000,22.2
2025-01-07T09:44:22.000,22.2
2025-01-07T09:59:22.000,22.2
2025-01-07T10:14:22.000,22.5
2025-01-07T10:29:22.000,22.5
2025-01-07T10:44:22.000,22.5
2025-01-07T10:59:22.000,22.5
2025-01-07T11:14:22.000,22.5
2025-01-07T11:29:22.000,22.5
2025-01-07T11:44:22.000,22.5
2025-01-07T11:59:22.000,22.5
2025-01-07T12:14:22.000,22.8
2025-01-07T12:29:22.000,23.2
2025-01-07T12:44:22.000,23.2
2025-01-07T12:59:22.000,23.2
2025-01-07T13:14:22.000,23.2
2025-01-07T13:29:22.000,23.5
2025-01-07T13:44:22.000,23.5
2025-01-07T13:59:22.000,23.5
2025-01-07T14:14:22.000,23.5
2025-01-07T14:29:22.000,23.8
2025-01-07T14:44:22.000,23.8
2025-01-07T14:59:22.000,24.1
2025-01-07T15:14:22.000,24.1
2025-01-07T15:29:22.000,24.8
2025-01-07T15:44:22.000,25.4
2025-01-07T15:59:22.000,25.7
2025-01-07T16:14:22.000,26.1
2025-01-07T16:29:22.000,27
2025-01-07T16:44:22.000,28
2025-01-07T16:59:22.000,29.3
2025-01-07T17:14:22.000,30.6
2025-01-07T17:29:22.000,31.9
2025-01-07T17:44:22.000,32.8
2025-01-07T17:59:22.000,34.1
2025-01-07T18:14:22.000,35.1
2025-01-07T18:29:22.000,36
2025-01-07T18:44:22.000,36.7
2025-01-07T18:59:22.000,37.7
2025-01-07T19:14:22.000,38.6
2025-01-07T19:29:22.000,39
2025-01-07T19:44:22.000,39.3
2025-01-07T19:59:22.000,39.3
2025-01-07T20:14:22.000,39.6
2025-01-07T20:29:22.000,40.2
2025-01-07T20:44:22.000,41.5
2025-01-07T20:59:22.000,43.5
2025-01-07T21:14:22.000,44.4
2025-01-07T21:29:22.000,44.4
2025-01-07T21:44:22.000,43.8
2025-01-07T21:59:22.000,42.5
2025-01-07T22:14:22.000,40.2
2025-01-07T22:29:22.000,39.6
2025-01-07T22:44:22.000,39
2025-01-07T22:59:22.000,39
2025-01-07T23:14:22.000,39.3
2025-01-07T23:29:22.000,39
2025-01-07T23:44:22.000,38.6
2025-01-07T23:59:22.000,38
2025-01-08T00:14:22.000,37.3
2025-01-08T00:29:22.000,36.4
2025-01-08T00:44:22.000,35.1
2025-01-08T00:59:22.000,33.8
2025-01-08T01:14:22.000,32.8
2025-01-08T01:29:22.000,31.9
2025-01-08T01:44:22.000,31.2
2025-01-08T01:59:22.000,30.2
2025-01-08T02:14:22.000,29.6
2025-01-08T02:29:22.000,29.6
2025-01-08T02:44:22.000,29.3
2025-01-08T02:59:22.000,29
2025-01-08T03:14:22.000,28.6
2025-01-08T03:29:22.000,28
2025-01-08T03:44:22.000,27.7
2025-01-08T03:59:22.000,27.3
2025-01-08T04:14:22.000,27
2025-01-08T04:29:22.000,27
2025-01-08T04:44:22.000,27
2025-01-08T04:59:22.000,27
2025-01-08T05:14:20.000,27.3
2025-01-08T05:29:20.000,27.7
2025-01-08T05:44:20.000,28
2025-01-08T05:59:20.000,28.3
2025-01-08T06:14:20.000,28.3
2025-01-08T06:29:20.000,28.3
2025-01-08T06:44:20.000,28.6
2025-01-08T06:59:20.000,29
2025-01-08T07:14:20.000,29.3
2025-01-08T07:29:20.000,29.6
2025-01-08T07:44:20.000,29.6
2025-01-08T07:59:20.000,29.9
2025-01-08T08:14:20.000,29.9
2025-01-08T08:29:20.000,29.9
2025-01-08T08:44:20.000,29.6
2025-01-08T08:59:20.000,29.3
2025-01-08T09:14:20.000,29
2025-01-08T09:29:20.000,29
2025-01-08T09:44:20.000,29.3
2025-01-08T09:59:20.000,29.3
2025-01-08T10:14:20.000,29.3
2025-01-08T10:29:20.000,29.3
2025-01-08T10:44:20.000,29.3
2025-01-08T10:59:20.000,29
2025-01-08T11:14:20.000,29
2025-01-08T11:29:20.000,28.6
2025-01-08T11:44:20.000,28.3
2025-01-08T11:59:20.000,28
2025-01-08T12:14:20.000,27.7
2025-01-08T12:29:20.000,27.3
2025-01-08T12:44:20.000,27
2025-01-08T12:59:20.000,27
2025-01-08T13:14:20.000,26.7
2025-01-08T13:29:21.000,26.7
2025-01-08T13:44:21.000,26.7
2025-01-08T13:59:21.000,26.4
2025-01-08T14:14:21.000,26.4
2025-01-08T14:29:21.000,26.1
2025-01-08T14:44:21.000,26.1
2025-01-08T14:59:21.000,26.1
2025-01-08T15:14:21.000,26.4
2025-01-08T15:29:21.000,26.7
2025-01-08T15:44:21.000,27
2025-01-08T15:59:21.000,27.7
2025-01-08T16:14:21.000,28
2025-01-08T16:29:21.000,28
2025-01-08T16:44:21.000,31.2
2025-01-08T16:59:21.000,34.1
2025-01-08T17:14:21.000,32.8
2025-01-08T17:29:21.000,32.8
2025-01-08T17:44:21.000,33.8
2025-01-08T17:59:21.000,34.1
2025-01-08T18:14:21.000,33.1
2025-01-08T18:29:21.000,32.5
2025-01-08T18:44:21.000,32.5
2025-01-08T18:59:21.000,32.2
2025-01-08T19:14:21.000,32.8
2025-01-08T19:29:21.000,32.8
2025-01-08T19:44:21.000,32.5
2025-01-08T19:59:21.000,32.2
2025-01-08T20:14:21.000,31.5
2025-01-08T20:29:21.000,31.5
2025-01-08T20:44:21.000,31.5
2025-01-08T20:59:21.000,31.2
2025-01-08T21:14:21.000,29.9
2025-01-08T21:29:21.000,29.9
2025-01-08T21:44:21.000,30.2
2025-01-08T21:59:21.000,29.9
2025-01-08T22:14:21.000,29.9
2025-01-08T22:29:21.000,29.6
2025-01-08T22:44:21.000,29
2025-01-08T22:59:21.000,28.3
2025-01-08T23:14:21.000,27.7
2025-01-08T23:29:21.000,27.3
2025-01-08T23:44:21.000,27
2025-01-08T23:59:21.000,26.7
2025-01-09T00:14:21.000,26.4
2025-01-09T00:29:21.000,25.7
2025-01-09T00:44:21.000,25.1
2025-01-09T00:59:21.000,24.4
2025-01-09T01:14:21.000,24.1
2025-01-09T01:29:21.000,23.8
2025-01-09T01:44:21.000,23.5
2025-01-09T01:59:21.000,23.5
2025-01-09T02:14:21.000,23.5
2025-01-09T02:29:21.000,23.5
2025-01-09T02:44:21.000,23.5
2025-01-09T02:59:21.000,23.2
2025-01-09T03:14:21.000,23.2
2025-01-09T03:29:21.000,23.2
2025-01-09T03:44:21.000,22.8
2025-01-09T03:59:21.000,22.8
2025-01-09T04:14:21.000,22.8
2025-01-09T04:29:21.000,22.5
2025-01-09T04:44:21.000,22.5
2025-01-09T04:59:21.000,22.5
2025-01-09T05:14:19.000,22.5
2025-01-09T05:29:19.000,22.5
2025-01-09T05:44:19.000,22.2
2025-01-09T05:59:19.000,22.2
2025-01-09T06:14:19.000,21.9
2025-01-09T06:29:19.000,21.5
2025-01-09T06:44:19.000,21.5
2025-01-09T06:59:19.000,21.5
2025-01-09T07:14:19.000,21.5
2025-01-09T07:29:19.000,21.2
2025-01-09T07:44:19.000,21.2
2025-01-09T07:59:19.000,20.9
2025-01-09T08:14:19.000,20.9
2025-01-09T08:29:19.000,20.6
2025-01-09T08:44:19.000,20.6
2025-01-09T08:59:19.000,20.3
2025-01-09T09:14:19.000,19.9
2025-01-09T09:29:19.000,19.6
2025-01-09T09:44:19.000,19.3
2025-01-09T09:59:19.000,19
2025-01-09T10:14:19.000,18.6
2025-01-09T10:29:19.000,18.6
2025-01-09T10:44:19.000,18.6
2025-01-09T10:59:19.000,18.6
2025-01-09T11:14:19.000,18.3
2025-01-09T11:29:19.000,18.3
2025-01-09T11:44:19.000,18
2025-01-09T11:59:19.000,18
2025-01-09T12:14:19.000,17.7
2025-01-09T12:29:19.000,17.7
2025-01-09T12:44:19.000,17.4
2025-01-09T12:59:19.000,17.4
2025-01-09T13:14:19.000,17.7
2025-01-09T13:29:19.000,17.7
2025-01-09T13:44:19.000,17.7
2025-01-09T13:59:19.000,17.7
2025-01-09T14:14:19.000,17.7
2025-01-09T14:29:19.000,17.7
2025-01-09T14:44:19.000,17.7
2025-01-09T14:59:19.000,18.3
2025-01-09T15:14:19.000,19.3
2025-01-09T15:29:19.000,19.9
2025-01-09T15:44:19.000,20.3
2025-01-09T15:59:19.000,21.2
2025-01-09T16:14:19.000,21.9
2025-01-09T16:29:19.000,23.8
2025-01-09T16:44:19.000,26.7
2025-01-09T16:59:19.000,29.3
2025-01-09T17:14:19.000,31.2
2025-01-09T17:29:19.000,30.9
2025-01-09T17:44:19.000,29
2025-01-09T17:59:19.000,27.7
2025-01-09T18:14:19.000,27.3
2025-01-09T18:29:19.000,26.7
2025-01-09T18:44:19.000,26.7
2025-01-09T18:59:19.000,27
2025-01-09T19:14:19.000,27.3
2025-01-09T19:29:19.000,27.3
2025-01-09T19:44:19.000,27.7
2025-01-09T19:59:19.000,27.7
2025-01-09T20:14:19.000,28
2025-01-09T20:29:19.000,29.6
2025-01-09T20:44:19.000,31.5
2025-01-09T20:59:19.000,32.8
2025-01-09T21:14:19.000,33.5
2025-01-09T21:29:19.000,33.8
2025-01-09T21:44:19.000,34.1
2025-01-09T21:59:20.000,34.1
2025-01-09T22:14:20.000,34.1
2025-01-09T22:29:20.000,33.5
2025-01-09T22:44:20.000,33.5
2025-01-09T22:59:20.000,33.5
2025-01-09T23:14:20.000,32.5
2025-01-09T23:29:20.000,31.9
2025-01-09T23:44:20.000,30.9
2025-01-09T23:59:20.000,29.9
2025-01-10T00:14:20.000,29.3
2025-01-10T00:29:20.000,28.6
2025-01-10T00:44:20.000,27.7
2025-01-10T00:59:20.000,27
2025-01-10T01:14:20.000,26.7
2025-01-10T01:29:20.000,26.4
2025-01-10T01:44:20.000,26.1
2025-01-10T01:59:20.000,25.4
2025-01-10T02:14:20.000,25.1
2025-01-10T02:29:20.000,24.8
2025-01-10T02:44:20.000,24.4
2025-01-10T02:59:20.000,24.1
2025-01-10T03:14:20.000,24.1
2025-01-10T03:29:20.000,23.8
2025-01-10T03:44:20.000,23.2
2025-01-10T03:59:20.000,22.5
2025-01-10T04:14:20.000,21.9
2025-01-10T04:29:20.000,21.5
2025-01-10T04:44:20.000,21.2
2025-01-10T04:59:20.000,21.2
2025-01-10T05:14:20.000,21.2
2025-01-10T05:29:18.000,21.5
2025-01-10T05:44:18.000,21.9
2025-01-10T05:59:18.000,22.2
2025-01-10T06:14:18.000,22.2
2025-01-10T06:29:18.000,22.5
2025-01-10T06:44:18.000,22.8
2025-01-10T06:59:18.000,22.5
2025-01-10T07:14:18.000,22.2
2025-01-10T07:29:18.000,21.9
2025-01-10T07:44:18.000,21.2
2025-01-10T07:59:18.000,20.9
2025-01-10T08:14:18.000,20.3
2025-01-10T08:29:18.000,20.3
2025-01-10T08:44:18.000,20.3
2025-01-10T08:59:18.000,19.9
2025-01-10T09:14:18.000,19.9
2025-01-10T09:29:18.000,19.6
2025-01-10T09:44:18.000,19.3
2025-01-10T09:59:18.000,19.3
2025-01-10T10:14:18.000,19.3
2025-01-10T10:29:18.000,19.3
2025-01-10T10:44:18.000,19
2025-01-10T10:59:18.000,19
2025-01-10T11:14:18.000,19
2025-01-10T11:29:18.000,19
2025-01-10T11:44:18.000,19
2025-01-10T11:59:18.000,18.6
2025-01-10T12:14:18.000,18.6
2025-01-10T12:29:18.000,18.6
2025-01-10T12:44:18.000,18.6
2025-01-10T12:59:18.000,18.6
2025-01-10T13:14:18.000,18.3
2025-01-10T13:29:18.000,18.3
2025-01-10T13:44:18.000,18
2025-01-10T13:59:18.000,17.7
2025-01-10T14:14:18.000,17.4
2025-01-10T14:29:18.000,17
2025-01-10T14:44:18.000,16.7
2025-01-10T14:59:18.000,16.7
2025-01-10T15:14:18.000,17
2025-01-10T15:29:18.000,18
2025-01-10T15:44:18.000,19.6
2025-01-10T15:59:18.000,21.5
2025-01-10T16:14:18.000,24.4
2025-01-10T16:29:18.000,27.7
2025-01-10T16:44:18.000,30.2
2025-01-10T16:59:18.000,32.5
2025-01-10T17:14:18.000,33.8
2025-01-10T17:29:18.000,33.1
2025-01-10T17:44:18.000,30.6
2025-01-10T17:59:18.000,29
2025-01-10T18:14:18.000,28
2025-01-10T18:29:18.000,27.7
2025-01-10T18:44:18.000,27.7
2025-01-10T18:59:18.000,27.7
2025-01-10T19:14:18.000,28
2025-01-10T19:29:18.000,28
2025-01-10T19:44:18.000,28.3
2025-01-10T19:59:18.000,28.3
2025-01-10T20:14:18.000,29
2025-01-10T20:29:18.000,30.6
2025-01-10T20:44:18.000,32.8
2025-01-10T20:59:18.000,34.4
2025-01-10T21:14:18.000,35.1
2025-01-10T21:29:18.000,35.4
2025-01-10T21:44:18.000,35.4
2025-01-10T21:59:18.000,35.7
2025-01-10T22:14:18.000,35.4
2025-01-10T22:29:18.000,35.4
2025-01-10T22:44:18.000,34.8
2025-01-10T22:59:18.000,34.4
2025-01-10T23:14:18.000,33.8
2025-01-10T23:29:18.000,33.1
2025-01-10T23:44:18.000,32.8
2025-01-10T23:59:18.000,32.2
2025-01-11T00:14:18.000,31.5
2025-01-11T00:29:18.000,30.9
2025-01-11T00:44:18.000,29.9
2025-01-11T00:59:18.000,28.3
2025-01-11T01:14:18.000,27.3
2025-01-11T01:29:18.000,26.7
2025-01-11T01:44:19.000,25.7
2025-01-11T01:59:18.000,25.1
2025-01-11T02:14:18.000,24.4
2025-01-11T02:29:19.000,24.1
2025-01-11T02:44:19.000,23.8
2025-01-11T02:59:19.000,23.5
2025-01-11T03:14:19.000,23.2
2025-01-11T03:29:18.000,22.8
2025-01-11T03:44:19.000,22.2
2025-01-11T03:59:19.000,21.9
2025-01-11T04:14:19.000,21.9
2025-01-11T04:29:19.000,21.5
2025-01-11T04:44:19.000,21.2
2025-01-11T04:59:19.000,20.9
2025-01-11T05:14:19.000,20.6
2025-01-11T05:29:16.000,20.6
2025-01-11T05:44:16.000,20.3
2025-01-11T05:59:16.000,20.3
2025-01-11T06:14:16.000,20.3
2025-01-11T06:29:16.000,20.3
2025-01-11T06:44:16.000,20.3
2025-01-11T06:59:17.000,19.9
2025-01-11T07:14:17.000,19.6
2025-01-11T07:29:17.000,19.6
2025-01-11T07:44:16.000,19.6
2025-01-11T07:59:17.000,19.3
2025-01-11T08:14:17.000,19.3
2025-01-11T08:29:17.000,19
2025-01-11T08:44:17.000,19
2025-01-11T08:59:17.000,18.6
2025-01-11T09:14:17.000,18.6
2025-01-11T09:29:17.000,18.6
2025-01-11T09:44:17.000,18.6
2025-01-11T09:59:17.000,18.6
2025-01-11T10:14:17.000,18.6
2025-01-11T10:29:17.000,18.6
2025-01-11T10:44:17.000,18.6
2025-01-11T10:59:17.000,18.3
2025-01-11T11:14:17.000,18
2025-01-11T11:29:17.000,17.7
2025-01-11T11:44:17.000,17.4
2025-01-11T11:59:17.000,17.4
2025-01-11T12:14:17.000,17.4
2025-01-11T12:29:17.000,17
2025-01-11T12:44:17.000,17
2025-01-11T12:59:17.000,17
2025-01-11T13:14:17.000,17
2025-01-11T13:29:17.000,16.7
2025-01-11T13:44:17.000,16.4
2025-01-11T13:59:17.000,16.1
2025-01-11T14:14:17.000,16.1
2025-01-11T14:29:17.000,16.1
2025-01-11T14:44:17.000,16.4
2025-01-11T14:59:17.000,16.7
2025-01-11T15:14:17.000,17.4
2025-01-11T15:29:17.000,18.6
2025-01-11T15:44:17.000,20.3
2025-01-11T15:59:17.000,22.5
2025-01-11T16:14:17.000,24.8
2025-01-11T16:29:17.000,27.7
2025-01-11T16:44:17.000,30.6
2025-01-11T16:59:17.000,32.8
2025-01-11T17:14:17.000,34.4
2025-01-11T17:29:17.000,34.1
2025-01-11T17:44:17.000,31.5
2025-01-11T17:59:17.000,29.6
2025-01-11T18:14:17.000,28.6
2025-01-11T18:29:17.000,28.3
2025-01-11T18:44:17.000,28.3
2025-01-11T18:59:17.000,28.6
2025-01-11T19:14:17.000,29
2025-01-11T19:29:17.000,29.3
2025-01-11T19:44:17.000,29.6
2025-01-11T19:59:17.000,30.2
2025-01-11T20:14:17.000,30.6
2025-01-11T20:29:17.000,32.5
2025-01-11T20:44:17.000,35.1
2025-01-11T20:59:17.000,36.4
2025-01-11T21:14:17.000,37
2025-01-11T21:29:17.000,37
2025-01-11T21:44:17.000,37
2025-01-11T21:59:17.000,36.7
2025-01-11T22:14:17.000,36.7
2025-01-11T22:29:17.000,36.4
2025-01-11T22:44:17.000,35.7
2025-01-11T22:59:17.000,35.1
2025-01-11T23:14:17.000,34.8
2025-01-11T23:29:17.000,34.1
2025-01-11T23:44:17.000,33.8
2025-01-11T23:59:17.000,32.8
2025-01-12T00:14:17.000,32.2
2025-01-12T00:29:17.000,31.5
2025-01-12T00:44:17.000,30.2
2025-01-12T00:59:17.000,29.3
2025-01-12T01:14:17.000,28.3
2025-01-12T01:29:17.000,27.7
2025-01-12T01:44:17.000,27.3
2025-01-12T01:59:17.000,26.7
2025-01-12T02:14:17.000,26.4
2025-01-12T02:29:17.000,26.1
2025-01-12T02:44:17.000,25.7
2025-01-12T02:59:17.000,25.7
2025-01-12T03:14:17.000,25.7
2025-01-12T03:29:17.000,25.4
2025-01-12T03:44:17.000,25.1
2025-01-12T03:59:17.000,24.8
2025-01-12T04:14:17.000,24.1
2025-01-12T04:29:17.000,24.1
2025-01-12T04:44:17.000,23.8
2025-01-12T04:59:18.000,22.8
2025-01-12T05:14:18.000,22.2
2025-01-12T05:29:15.000,21.5
2025-01-12T05:44:15.000,20.9
2025-01-12T05:59:15.000,20.6
2025-01-12T06:14:15.000,20.6
2025-01-12T06:29:15.000,20.6
2025-01-12T06:44:15.000,20.3
2025-01-12T06:59:15.000,20.3
2025-01-12T07:14:15.000,20.3
2025-01-12T07:29:15.000,19.9
2025-01-12T07:44:15.000,19.6
2025-01-12T07:59:15.000,19.3
2025-01-12T08:14:15.000,18.6
2025-01-12T08:29:15.000,18.3
2025-01-12T08:44:15.000,18
2025-01-12T08:59:16.000,17.7
2025-01-12T09:14:16.000,17.7
2025-01-12T09:29:16.000,17.7
2025-01-12T09:44:16.000,17.7
2025-01-12T09:59:16.000,17.4
2025-01-12T10:14:16.000,17.4
2025-01-12T10:29:16.000,17
2025-01-12T10:44:16.000,17
2025-01-12T10:59:16.000,17
2025-01-12T11:14:16.000,16.7
2025-01-12T11:29:16.000,16.4
2025-01-12T11:44:16.000,16.4
2025-01-12T11:59:16.000,16.4
2025-01-12T12:14:16.000,16.1
2025-01-12T12:29:16.000,16.1
2025-01-12T12:44:16.000,16.1
2025-01-12T12:59:16.000,16.1
2025-01-12T13:14:16.000,16.1
2025-01-12T13:29:16.000,16.1
2025-01-12T13:44:16.000,16.4
2025-01-12T13:59:16.000,16.4
2025-01-12T14:14:16.000,16.4
2025-01-12T14:29:16.000,16.4
2025-01-12T14:44:16.000,16.1
2025-01-12T14:59:16.000,15.7
2025-01-12T15:14:16.000,16.1
2025-01-12T15:29:16.000,17
2025-01-12T15:44:16.000,18.6
2025-01-12T15:59:16.000,20.6
2025-01-12T16:14:16.000,22.5
2025-01-12T16:29:16.000,25.4
2025-01-12T16:44:16.000,28.3
2025-01-12T16:59:16.000,30.6
2025-01-12T17:14:16.000,32.5
2025-01-12T17:29:16.000,32.5
2025-01-12T17:44:16.000,30.2
2025-01-12T17:59:16.000,28.3
2025-01-12T18:14:16.000,27.7
2025-01-12T18:29:16.000,27.7
2025-01-12T18:44:16.000,27.7
2025-01-12T18:59:16.000,28
2025-01-12T19:14:16.000,28.6
2025-01-12T19:29:16.000,29
2025-01-12T19:44:16.000,29.6
2025-01-12T19:59:16.000,29.9
2025-01-12T20:14:16.000,30.2
2025-01-12T20:29:16.000,32.5
2025-01-12T20:44:16.000,34.8
2025-01-12T20:59:16.000,36.7
2025-01-12T21:14:16.000,37.3
2025-01-12T21:29:16.000,37.7
2025-01-12T21:44:16.000,37.3
2025-01-12T21:59:16.000,37.3
2025-01-12T22:14:16.000,36.7
2025-01-12T22:29:16.000,36.4
2025-01-12T22:44:16.000,35.7
2025-01-12T22:59:16.000,35.1
2025-01-12T23:14:16.000,34.8
2025-01-12T23:29:16.000,34.1
2025-01-12T23:44:16.000,33.5
2025-01-12T23:59:16.000,32.5
2025-01-13T00:14:16.000,32.2
2025-01-13T00:29:16.000,31.2
2025-01-13T00:44:16.000,30.2
2025-01-13T00:59:16.000,29.3
2025-01-13T01:14:16.000,28.3
2025-01-13T01:29:16.000,27.7
2025-01-13T01:44:16.000,27
2025-01-13T01:59:16.000,26.4
2025-01-13T02:14:16.000,25.7
2025-01-13T02:29:16.000,25.1
2025-01-13T02:44:16.000,24.8
2025-01-13T02:59:16.000,24.1
2025-01-13T03:14:16.000,23.8
2025-01-13T03:29:16.000,23.2
2025-01-13T03:44:16.000,22.8
2025-01-13T03:59:16.000,22.5
2025-01-13T04:14:16.000,22.2
2025-01-13T04:29:16.000,21.5
2025-01-13T04:44:16.000,20.9
2025-01-13T04:59:16.000,20.6
2025-01-13T05:14:14.000,20.3
2025-01-13T05:29:14.000,19.6
2025-01-13T05:44:14.000,19.3
2025-01-13T05:59:14.000,19
2025-01-13T06:14:14.000,19
2025-01-13T06:29:14.000,18.6
2025-01-13T06:44:14.000,19
2025-01-13T06:59:14.000,18.6
2025-01-13T07:14:14.000,18.3
2025-01-13T07:29:14.000,18
2025-01-13T07:44:14.000,17.7
2025-01-13T07:59:14.000,17.7
2025-01-13T08:14:14.000,18
2025-01-13T08:29:14.000,18
2025-01-13T08:44:14.000,18
2025-01-13T08:59:14.000,18
2025-01-13T09:14:14.000,18.3
2025-01-13T09:29:14.000,18
2025-01-13T09:44:14.000,18
2025-01-13T09:59:14.000,17.7
2025-01-13T10:14:14.000,17.7
2025-01-13T10:29:14.000,17.4
2025-01-13T10:44:14.000,17
2025-01-13T10:59:14.000,16.7
2025-01-13T11:14:14.000,16.4
2025-01-13T11:29:14.000,16.4
2025-01-13T11:44:14.000,16.1
2025-01-13T11:59:14.000,16.1
2025-01-13T12:14:14.000,16.1
2025-01-13T12:29:14.000,16.1
2025-01-13T12:44:15.000,16.1
2025-01-13T12:59:15.000,16.1
2025-01-13T13:14:15.000,15.7
2025-01-13T13:29:15.000,15.4
2025-01-13T13:44:15.000,15.4
2025-01-13T13:59:15.000,14.8
2025-01-13T14:14:15.000,15.1
2025-01-13T14:29:15.000,15.4
2026-07-19T18:29:20.000,60.5
2026-07-19T18:30:00.000,60.5
2026-07-19T18:35:00.000,60.5
2026-07-19T18:40:00.000,60.9
2026-07-19T18:45:01.000,61.2
2026-07-19T18:50:01.000,61.2
2026-07-19T18:55:01.000,61.2
2026-07-19T19:00:01.000,61.5
2026-07-19T19:01:37.000,61.8
2026-07-19T19:06:37.000,61.8
2026-07-19T19:11:37.000,61.5
2026-07-19T19:16:37.000,61.8
2026-07-19T19:21:38.000,62.2
2026-07-19T19:23:31.000,62.2
2026-07-19T19:23:36.000,62.2
2026-07-19T19:24:13.000,62.2
2026-07-19T19:29:13.000,62.8
2026-07-19T19:34:13.000,63.1
2026-07-19T19:39:13.000,63.1
2026-07-19T19:44:13.000,63.4
2026-07-19T19:44:21.000,63.8
2026-07-19T19:45:07.000,63.8
2026-07-19T19:50:07.000,63.8
2026-07-19T19:55:07.000,64.1
2026-07-19T19:58:17.000,64.1
2026-07-19T20:03:04.000,64.4
2026-07-19T20:04:09.000,64.4
2026-07-19T20:09:09.000,63.8
2026-07-19T20:14:09.000,64.1
2026-07-19T20:19:09.000,64.7
2026-07-19T20:24:09.000,65.1
2026-07-19T20:29:09.000,64.7
2026-07-19T20:34:09.000,63.8
2026-07-19T20:39:09.000,62.5
2026-07-19T20:39:46.000,62.5
2026-07-19T20:44:46.000,62.2
2026-07-19T20:49:46.000,61.2
2026-07-19T20:54:46.000,60.9
2026-07-19T20:57:30.000,60.5
2026-07-19T21:02:30.000,60.2
2026-07-19T21:07:30.000,59.9
2026-07-19T21:12:30.000,59.9
2026-07-19T21:17:30.000,59.9
2026-07-19T21:21:52.000,59.6
2026-07-19T21:22:30.000,59.6
2026-07-19T21:27:30.000,59.6
2026-07-19T21:32:30.000,59.6
2026-07-19T21:37:30.000,59.3
2026-07-19T21:42:30.000,58.9
2026-07-19T21:44:23.000,58.9
2026-07-19T21:48:06.000,58.6
2026-07-19T21:48:16.000,58.9
2026-07-19T21:48:21.000,58.9
2026-07-19T21:53:21.000,58.6
2026-07-19T21:58:21.000,58.3
2026-07-19T22:03:21.000,58.3
2026-07-19T22:08:21.000,58.3
2026-07-19T22:13:21.000,58.3
2026-07-19T22:18:21.000,58.0
2026-07-19T22:23:21.000,58.0
2026-07-19T22:28:21.000,58.0
2026-07-19T22:33:21.000,57.6
2026-07-19T22:38:21.000,58.0
2026-07-19T22:43:22.000,58.3
2026-07-19T22:48:22.000,58.6
2026-07-19T22:53:22.000,58.6
2026-07-19T22:58:22.000,59.6
2026-07-19T23:03:22.000,60.2
2026-07-19T23:08:22.000,60.5
2026-07-19T23:13:22.000,60.9
2026-07-19T23:18:22.000,60.9
2026-07-19T23:23:22.000,60.2
2026-07-19T23:28:22.000,60.2
2026-07-19T23:33:22.000,60.5
2026-07-19T23:38:22.000,60.2
2026-07-19T23:40:47.000,59.9
2026-07-19T23:42:39.000,59.6
2026-07-19T23:44:08.000,59.6
2026-07-19T23:44:17.000,59.6
2026-07-19T23:49:17.000,59.6
2026-07-19T23:54:18.000,59.9
2026-07-19T23:59:18.000,60.5
2026-07-20T00:04:18.000,61.2
2026-07-20T00:09:18.000,61.5
2026-07-20T00:14:18.000,62.2
2026-07-20T00:16:25.000,62.2
2026-07-20T00:16:49.000,62.5
2026-07-20T00:21:49.000,62.8
2026-07-20T00:25:02.000,62.5
2026-07-20T00:30:02.000,62.2
2026-07-20T00:35:02.000,61.8
2026-07-20T00:40:02.000,61.5
2026-07-20T00:45:02.000,61.8
2026-07-20T00:50:03.000,61.5
2026-07-20T00:55:03.000,61.8
2026-07-20T01:00:03.000,61.5
2026-07-20T01:05:03.000,61.5
2026-07-20T01:10:03.000,60.9
2026-07-20T01:15:03.000,60.2
2026-07-20T01:20:03.000,59.3
2026-07-20T01:25:03.000,58.6
2026-07-20T01:30:03.000,58.0
2026-07-20T01:35:03.000,57.3
2026-07-20T01:40:03.000,56.4
2026-07-20T01:45:03.000,55.7
2026-07-20T01:50:04.000,55.4
2026-07-20T01:55:04.000,54.4
2026-07-20T02:00:04.000,53.8
2026-07-20T02:05:04.000,53.5
2026-07-20T02:10:04.000,53.1
2026-07-20T02:15:04.000,52.8
2026-07-20T02:20:04.000,52.2
2026-07-20T02:25:04.000,51.8
2026-07-20T02:30:04.000,51.5
2026-07-20T02:35:04.000,51.2
2026-07-20T02:40:04.000,50.6
2026-07-20T02:45:04.000,50.2
2026-07-20T02:50:04.000,49.9
2026-07-20T02:55:05.000,49.6
2026-07-20T03:00:05.000,49.6
2026-07-20T03:05:05.000,49.3
2026-07-20T03:10:05.000,48.9
2026-07-20T03:10:19.000,48.9
2026-07-20T03:15:19.000,48.9
2026-07-20T03:20:19.000,48.6
2026-07-20T03:25:20.000,48.6
2026-07-20T03:30:20.000,48.3
2026-07-20T03:35:20.000,48.3
2026-07-20T03:40:20.000,48.0
2026-07-20T03:45:20.000,48.0
2026-07-20T03:50:20.000,47.7
2026-07-20T03:55:20.000,47.7
2026-07-20T04:00:20.000,47.3
2026-07-20T04:05:20.000,47.3
2026-07-20T04:10:20.000,47.0
2026-07-20T04:11:53.000,47.0
2026-07-20T04:16:53.000,47.0
2026-07-20T04:22:16.000,46.7
2026-07-20T04:23:27.000,46.7
2026-07-20T04:28:27.000,46.7
2026-07-20T04:33:27.000,46.4
2026-07-20T04:38:27.000,46.4
2026-07-20T04:43:27.000,46.7
2026-07-20T04:48:28.000,46.7
2026-07-20T04:53:28.000,46.7
2026-07-20T04:58:28.000,46.7
2026-07-20T05:03:28.000,46.4
2026-07-20T05:08:28.000,46.4
2026-07-20T05:13:28.000,46.4
2026-07-20T05:18:28.000,46.0
2026-07-20T05:23:28.000,46.0
2026-07-20T05:28:28.000,46.0
2026-07-20T05:33:28.000,45.7
2026-07-20T05:38:28.000,45.7
2026-07-20T05:43:28.000,45.7
2026-07-20T05:48:29.000,45.4
2026-07-20T05:53:29.000,45.4
2026-07-20T05:58:29.000,45.1
2026-07-20T06:03:29.000,45.1
2026-07-20T06:08:29.000,44.8
2026-07-20T06:13:29.000,44.8
2026-07-20T06:18:29.000,44.8
2026-07-20T06:23:29.000,44.4
2026-07-20T06:28:29.000,44.4
2026-07-20T06:33:29.000,44.4
2026-07-20T06:38:29.000,44.1
2026-07-20T06:43:29.000,44.1
2026-07-20T06:48:30.000,43.8
2026-07-20T06:53:30.000,43.8
2026-07-20T06:58:30.000,43.8
2026-07-20T07:03:30.000,43.5
2026-07-20T07:08:30.000,43.5
2026-07-20T07:13:30.000,43.5
2026-07-20T07:18:30.000,43.5
2026-07-20T07:23:30.000,43.1
2026-07-20T07:28:30.000,43.1
2026-07-20T07:33:30.000,43.1
2026-07-20T07:38:30.000,43.1
2026-07-20T07:43:30.000,42.8
2026-07-20T07:48:31.000,43.1
2026-07-20T07:53:31.000,43.1
2026-07-20T07:58:31.000,43.1
2026-07-20T08:03:31.000,43.1
2026-07-20T08:08:31.000,43.1
2026-07-20T08:13:31.000,43.5
2026-07-20T08:18:31.000,43.5
2026-07-20T08:23:31.000,43.5
