month_start,time,SQM_median,MWlat_at_median
2021-09-01,2021-09-30 22:58:39-07:00,17.865000000000002,26.393751624595584
2021-10-01,2021-10-02 00:03:56-07:00,20.24,30.363631690338764
2021-11-01,2021-11-01 21:37:49-07:00,20.12,29.456289532267085
2021-12-01,2021-12-05 02:49:48-07:00,20.27,20.144829626986905
2022-01-01,2022-01-02 04:11:50-07:00,20.33,60.061504191146994
2022-02-01,2022-02-22 22:51:14-07:00,20.13,35.61600380483157
2022-03-01,2022-03-01 00:02:08-07:00,20.27,55.46766443318393
2022-04-01,2022-04-01 23:53:45-07:00,20.18,79.80838583165016
2022-05-01,2022-05-02 00:43:34-07:00,20.2,61.800194851604765
2022-06-01,2022-06-19 21:38:26-07:00,20.08,60.205559247395506
2022-07-01,2022-07-21 22:33:19-07:00,18.02,22.56677363344529
2022-08-01,2022-08-01 02:49:58-07:00,20.31,25.537189248847515
2022-09-01,2022-09-02 02:45:51-07:00,20.41,30.61283524621388
2022-10-01,2022-10-16 21:53:05-07:00,20.11,26.078351545222564
2022-11-01,2022-11-13 19:32:04-07:00,19.98,22.96704091813054
2022-12-01,2022-12-21 20:51:52-07:00,19.91,26.288816942300183
2023-01-01,2023-01-21 04:43:43-07:00,19.52,81.5635551841193
2023-02-01,2023-02-16 02:15:18-07:00,19.5,72.55247406852529
2023-03-01,2023-03-17 22:29:01-07:00,20.07,49.69471098054452
2023-04-01,2023-04-14 01:04:04-07:00,20.17,72.57203033913103
2023-05-01,2023-05-10 23:11:03-07:00,20.05,73.98549474923793
2023-06-01,2023-06-09 23:09:43-07:00,20.05,49.41355085663128
2023-07-01,2023-07-08 21:27:14-07:00,20.06,46.978828665191465
2023-08-01,2023-08-07 20:56:37-07:00,20.0,28.818009076694125
2023-09-01,2023-09-14 02:39:42-07:00,20.28,29.270206656830613
2023-10-01,2023-10-09 23:45:13-07:00,20.13,30.602880310193182
2023-11-01,2023-11-04 22:02:32-07:00,20.08,30.596669145642906
2023-12-01,2023-12-02 21:13:00-07:00,19.85,29.84087135024133
2024-01-01,2024-01-11 01:52:38-07:00,20.26,37.75894520290936
2024-02-01,2024-02-03 23:53:26-07:00,20.28,32.61289783506277
2024-03-01,2024-03-02 23:10:21-07:00,20.18,46.589681372014304
2024-04-01,2024-04-02 22:55:36-07:00,20.18,69.23526569622166
2024-05-01,2024-05-01 23:24:54-07:00,20.13,77.72810550265756
2024-06-01,2024-06-01 23:23:18-07:00,20.14,52.56980852176873
2024-07-01,2024-07-04 21:38:37-07:00,19.94,47.27457619144214
2024-08-01,2024-08-03 02:33:55-07:00,20.3,24.946989151740066
2024-09-01,2024-09-03 00:08:10-07:00,20.17,22.401488441831184
2024-10-01,2024-10-02 01:10:39-07:00,20.1,29.970654655191467
2024-11-01,2024-11-04 22:32:24-07:00,20.13,30.62686948143268
2024-12-01,2024-12-02 21:31:42-07:00,19.9,28.746524931558554
2025-01-01,2025-01-02 01:01:04-07:00,20.16,20.591021251543385
2025-02-01,2025-02-01 23:47:14-07:00,20.15,30.32162240107687
2025-03-01,2025-03-01 00:45:04-07:00,20.02,64.75270045936126
2025-04-01,2025-04-01 01:03:57-07:00,20.11,82.08568587084109
2025-05-01,2025-05-17 23:07:02-07:00,20.05,68.69442141255261
2025-06-01,2025-06-15 21:56:42-07:00,20.02,59.464596575541584
2025-07-01,2025-07-17 22:06:14-07:00,20.01,31.072411679592584
2025-08-01,2025-08-27 02:11:31-07:00,20.17,29.924998108219384
2025-09-01,2025-09-20 00:46:16-07:00,20.2,30.246421285951282
2025-10-01,2025-10-15 23:41:32-07:00,20.14,30.73673419702492
2025-11-01,2025-11-14 00:03:35-07:00,20.05,21.84086828047097
2025-12-01,2025-12-07 18:52:35-07:00,19.79,28.076111912746427
2026-01-01,2026-01-12 01:00:54-07:00,20.19,28.293988890662412
2026-02-01,2026-02-16 03:49:39-07:00,20.2,83.3148927122313
2026-03-01,2026-03-11 23:37:05-07:00,20.16,59.302611796213235
2026-04-01,2026-04-07 23:04:03-07:00,20.11,74.64108351584412
2026-05-01,2026-05-07 22:44:57-07:00,20.11,81.1592288383576
2026-06-01,2026-06-12 01:09:02-07:00,20.09,22.88399436672178
2026-07-01,2026-07-13 21:45:09-07:00,18.575,38.899054800615275
2026-08-01,2026-08-16 02:08:18-07:00,20.19,27.063503060695265
