UTC,SQM,lum,chisquared,moonalt,LST,sunalt
2024-12-14T03:45:00Z,17.43,1.76753,0.04786,58.33,1.90505,-42.361
2024-12-14T04:00:02Z,17.21,2.16454,0.1049,61.43,2.15629,-45.534
2024-12-14T04:15:02Z,16.79,3.18688,0.00158,64.51,2.40698,-48.702
2024-12-14T04:30:02Z,15.7,8.69692,0.00576,67.57,2.65766,-51.869
2024-12-14T04:45:02Z,14.86,18.85236,0.0016,70.6,2.90835,-55.03
2024-12-14T05:00:02Z,14.32,31.00028,0.00158,73.58,3.15903,-58.179
2024-12-14T05:15:00Z,13.93,44.39823,0.00858,76.46,3.40916,-61.301
2024-12-14T05:30:00Z,13.6,60.16801,0.00457,79.17,3.65984,-64.399
2024-12-14T05:45:00Z,13.5,65.97291,0.00138,81.55,3.91053,-67.448
2024-12-14T06:00:00Z,13.54,63.5866,0.01038,83.23,4.16121,-70.423
2024-12-14T06:15:00Z,13.52,64.76877,0.00308,83.62,4.4119,-73.28
2024-12-14T06:30:00Z,13.44,69.72132,0.00753,82.52,4.66258,-75.943
2024-12-14T06:45:00Z,13.41,71.67466,0.00314,80.43,4.91327,-78.276
2024-12-14T07:00:00Z,13.64,57.99167,0.05714,77.86,5.16395,-80.043
2024-12-14T07:15:00Z,14.06,39.38815,0.17298,75.05,5.41464,-80.903
2024-12-14T07:30:00Z,14.47,27.00012,0.16421,72.12,5.66532,-80.605
2024-12-14T07:45:00Z,15.12,14.83767,0.05281,69.13,5.916,-79.243
2024-12-14T08:00:00Z,16.51,4.12445,0.00378,66.09,6.16669,-77.154
2024-12-14T08:15:00Z,17.08,2.43986,0.00049,63.04,6.41737,-74.632
2024-12-14T08:30:00Z,17.39,1.83386,0.17298,59.97,6.66806,-71.859
2024-12-14T08:45:00Z,17.59,1.52534,0.16421,56.89,6.91874,-68.936
2024-12-14T09:00:00Z,17.72,1.35321,0.05281,53.82,7.16943,-65.92
2024-12-14T09:15:00Z,17.81,1.24556,0.00378,50.75,7.42011,-62.844
2024-12-14T09:30:00Z,17.91,1.13597,0.00049,47.69,7.6708,-59.729
2024-12-14T09:45:00Z,17.96,1.08484,0.00065,44.64,7.92148,-56.589
2024-12-14T10:00:00Z,18.02,1.02652,0.00018,41.6,8.17217,-53.434
2024-12-14T10:15:00Z,18.09,0.96242,0.00021,38.57,8.42285,-50.27
2024-12-14T10:30:00Z,18.16,0.90233,0.00041,35.56,8.67353,-47.102
2024-12-14T10:45:00Z,18.23,0.84599,1e-05,32.57,8.92422,-43.935
2024-12-14T11:00:00Z,18.28,0.80791,1e-05,29.59,9.1749,-40.771
2024-12-14T11:15:00Z,18.33,0.77155,5e-05,26.64,9.42559,-37.615
2024-12-14T11:30:00Z,18.38,0.73683,2e-05,23.72,9.67627,-34.469
2024-12-14T11:45:00Z,18.44,0.69721,5e-05,20.82,9.92696,-31.335
2024-12-14T12:00:00Z,18.48,0.67199,1e-05,17.95,10.17764,-28.217
2024-12-14T12:15:00Z,18.55,0.63004,6e-05,15.11,10.42833,-25.116
2024-12-14T12:30:00Z,18.62,0.5907,0.00013,12.31,10.67901,-22.036
2024-12-14T12:45:00Z,18.7,0.54874,0.00013,9.55,10.92969,-18.978
2024-12-14T13:00:00Z,18.8,0.50046,6e-05,6.82,11.18038,-15.947
2024-12-14T13:15:00Z,18.84,0.48235,4e-05,4.15,11.43106,-12.945
2024-12-14T13:30:01Z,17.58,1.53945,0.00061,1.51,11.68203,-9.972
2024-12-14T13:45:01Z,14.58,24.39864,0.19314,-1.06,11.93271,-7.039
2024-12-14T14:00:01Z,10.91,716.74657,0.29161,-3.58,12.1834,-4.146
2024-12-15T00:45:01Z,12.79,126.87195,0.99226,11.11,22.96283,-5.528
2024-12-15T01:00:01Z,16.22,5.38723,0.12425,13.89,23.21351,-8.441
2024-12-15T01:15:01Z,17.12,2.35161,0.08877,16.7,23.4642,-11.392
2024-12-15T01:30:01Z,17.08,2.43986,0.07462,19.55,23.71488,-14.377
2024-12-15T01:45:01Z,17.66,1.4301,0.10993,22.43,23.96557,-17.393
2024-12-15T02:00:01Z,17.54,1.59722,0.11785,25.34,0.21625,-20.437
2024-12-15T02:15:01Z,17.83,1.22283,0.12581,28.27,0.46694,-23.506
2024-12-15T02:30:01Z,17.36,1.88524,0.01698,31.22,0.71762,-26.597
2024-12-15T02:45:01Z,17.61,1.4975,0.03824,34.2,0.96831,-29.706
2024-12-15T03:00:01Z,17.74,1.32851,0.01864,37.19,1.21899,-32.832
2024-12-15T03:15:01Z,17.49,1.6725,0.00978,40.21,1.46968,-35.972
2024-12-15T03:30:01Z,17.4,1.81704,0.00649,43.24,1.72036,-39.124
2024-12-15T03:45:01Z,17.52,1.62692,0.00489,46.28,1.97104,-42.284
2024-12-15T04:00:01Z,17.41,1.80039,0.00037,49.34,2.22173,-45.45
2024-12-15T04:15:01Z,17.43,1.76753,0.00149,52.4,2.47241,-48.618
2024-12-15T04:30:01Z,17.32,1.95599,0.05114,55.48,2.7231,-51.786
2024-12-15T04:45:01Z,17.16,2.26655,0.10502,58.56,2.97378,-54.947
2024-12-15T05:00:01Z,16.87,2.9605,0.1429,61.65,3.22447,-58.097
2024-12-15T05:14:59Z,16.41,4.52237,0.01912,64.73,3.47459,-61.22
2024-12-15T05:29:59Z,15.14,14.56685,0.00158,67.81,3.72528,-64.32
2024-12-15T05:44:59Z,14.4,28.79822,0.00913,70.88,3.97596,-67.373
2024-12-15T05:59:59Z,13.87,46.92082,0.00621,73.94,4.22665,-70.353
2024-12-15T06:14:59Z,13.44,69.72132,0.02285,76.95,4.47733,-73.218
2024-12-15T06:29:59Z,13.1,95.35986,3.0068,79.88,4.72802,-75.894
2024-12-15T06:44:59Z,13.14,91.9106,1.36389,82.63,4.9787,-78.247
2024-12-15T06:59:59Z,13.21,86.17189,0.67228,84.9,5.22939,-80.044
2024-12-15T07:14:59Z,13.19,87.77395,0.43062,85.79,5.48007,-80.944
2024-12-15T07:29:59Z,13.13,92.76104,0.42503,84.58,5.73075,-80.683
2024-12-15T07:44:59Z,13.07,98.03149,0.92055,82.19,5.98144,-79.346
2024-12-15T07:59:59Z,13.08,97.13274,2.18231,79.4,6.23212,-77.269
2024-12-15T08:14:59Z,13.43,70.36645,2.65456,76.45,6.48281,-74.753
2024-12-15T08:29:59Z,13.81,49.58675,0.01213,73.43,6.73349,-71.982
2024-12-15T08:44:59Z,14.51,26.02349,0.00497,70.38,6.98418,-69.06
2024-12-15T08:59:59Z,15.47,10.74894,0.00518,67.31,7.23486,-66.044
2024-12-15T09:14:59Z,15.99,6.65833,0.00704,64.23,7.48555,-62.969
2024-12-15T09:29:59Z,15.99,6.65833,0.06361,61.15,7.73623,-59.854
2024-12-15T09:44:59Z,16.21,5.43708,0.06633,58.07,7.98692,-56.714
2024-12-15T09:59:59Z,16.35,4.77931,0.05317,55.0,8.2376,-53.559
2024-12-15T10:14:59Z,16.74,3.33707,0.03481,51.93,8.48828,-50.394
2024-12-15T10:29:59Z,16.98,2.67526,0.00576,48.87,8.73897,-47.227
2024-12-15T10:44:59Z,17.43,1.76753,0.0081,45.83,8.98965,-44.059
2024-12-15T10:59:59Z,17.73,1.34081,0.00841,42.8,9.24034,-40.896
2024-12-15T11:14:59Z,17.74,1.32851,0.00741,39.78,9.49102,-37.74
2024-12-15T11:29:59Z,17.87,1.1786,0.02569,36.79,9.74171,-34.594
2024-12-15T11:44:59Z,18.0,1.0456,0.01161,33.81,9.99239,-31.46
2024-12-15T11:59:59Z,18.03,1.0171,0.01242,30.85,10.24308,-28.341
2024-12-15T12:14:59Z,18.12,0.93619,0.00485,27.91,10.49376,-25.24
2024-12-15T12:29:59Z,18.18,0.88586,0.00133,25.0,10.74445,-22.16
2024-12-15T12:44:59Z,18.19,0.87774,0.00138,22.12,10.99513,-19.103
2024-12-15T12:59:59Z,18.3,0.79317,0.00128,19.26,11.24581,-16.071
2024-12-15T13:14:59Z,18.31,0.7859,0.0021,16.44,11.4965,-13.069
2024-12-15T13:29:59Z,17.57,1.55369,0.002,13.65,11.74718,-10.099
2024-12-15T13:44:59Z,14.91,18.00386,0.07514,10.9,11.99787,-7.165
2024-12-15T13:59:59Z,11.21,543.70787,0.3351,8.19,12.24855,-4.272
2024-12-16T00:44:59Z,12.57,155.36945,0.16693,0.3,23.02799,-5.453
2024-12-16T00:59:59Z,16.17,5.64112,0.29797,2.86,23.27867,-8.364
2024-12-16T01:14:59Z,18.21,0.86172,0.01717,5.48,23.52936,-11.313
2024-12-16T01:29:59Z,18.55,0.63004,1e-05,8.15,23.78004,-14.296
2024-12-16T01:44:59Z,18.5,0.65973,5e-05,10.86,0.03072,-17.311
2024-12-16T01:59:59Z,18.44,0.69721,5e-05,13.61,0.28141,-20.353
2024-12-16T02:14:59Z,18.38,0.73683,0.0001,16.4,0.53209,-23.42
2024-12-16T02:29:59Z,18.32,0.77869,0.0001,19.22,0.78278,-26.51
2024-12-16T02:44:59Z,18.28,0.80791,5e-05,22.08,1.03346,-29.618
2024-12-16T02:59:59Z,18.23,0.84599,0.0001,24.96,1.28415,-32.743
2024-12-16T03:14:59Z,18.17,0.89406,0.0001,27.87,1.53483,-35.882
2024-12-16T03:29:59Z,18.13,0.92761,8e-05,30.81,1.78552,-39.033
2024-12-16T03:44:59Z,18.08,0.97133,8e-05,33.77,2.0362,-42.193
2024-12-16T03:59:59Z,18.02,1.02652,5e-05,36.75,2.28689,-45.358
2024-12-16T04:14:59Z,17.98,1.06504,5e-05,39.75,2.53757,-48.527
2024-12-16T04:29:59Z,17.92,1.12555,0.00021,42.77,2.78825,-51.694
2024-12-16T04:44:57Z,17.87,1.1786,0.00053,45.79,3.03838,-54.849
2024-12-16T04:59:57Z,17.8,1.25709,0.00026,48.84,3.28907,-58.0
2024-12-16T05:14:57Z,17.74,1.32851,0.00064,51.9,3.53975,-61.132
2024-12-16T05:29:57Z,17.63,1.47016,0.05449,54.97,3.79044,-64.234
2024-12-16T05:44:57Z,17.46,1.71936,0.08375,58.04,4.04112,-67.29
2024-12-16T05:59:57Z,17.19,2.20478,0.13675,61.12,4.2918,-70.275
2024-12-16T06:14:57Z,16.78,3.21637,0.00969,64.21,4.54249,-73.148
2024-12-16T06:29:57Z,15.57,9.80315,1.22638,67.29,4.79317,-75.836
2024-12-16T06:44:58Z,14.79,20.10785,1.11367,70.37,5.04414,-78.21
2024-12-16T06:59:57Z,14.25,33.06478,1.94933,73.42,5.29454,-80.034
2024-12-16T07:14:57Z,13.83,48.68169,2.96144,76.44,5.54523,-80.975
2024-12-16T07:29:57Z,13.46,68.44877,2.98078,79.4,5.79591,-80.754
2024-12-16T07:44:57Z,13.48,67.19944,1.44258,82.2,6.0466,-79.444
2024-12-16T07:59:57Z,13.55,63.00364,0.69386,84.6,6.29728,-77.381
2024-12-16T08:14:57Z,13.56,62.42602,0.40201,85.82,6.54796,-74.872
2024-12-16T08:29:57Z,13.48,67.19944,0.02101,84.94,6.79865,-72.105
2024-12-16T08:44:57Z,13.41,71.67466,0.00205,82.66,7.04933,-69.184
2024-12-16T08:59:57Z,13.41,71.67466,0.00073,79.91,7.30002,-66.169
2024-12-16T09:14:57Z,13.69,55.38162,0.00258,76.97,7.5507,-63.094
2024-12-16T09:29:57Z,14.1,37.96345,0.00761,73.95,7.80139,-59.98
2024-12-16T09:44:57Z,14.65,22.87524,0.00221,70.89,8.05207,-56.84
2024-12-16T09:59:57Z,15.79,8.00508,0.00233,67.82,8.30276,-53.685
2024-12-16T10:14:57Z,16.91,2.85342,0.02393,64.73,8.55344,-50.52
2024-12-16T10:29:57Z,17.28,2.02939,0.01861,61.64,8.80413,-47.352
2024-12-16T10:44:57Z,17.54,1.59722,0.17977,58.55,9.05481,-44.185
2024-12-16T10:59:57Z,17.71,1.36573,0.02762,55.47,9.30549,-41.022
2024-12-16T11:14:57Z,17.83,1.22283,0.04905,52.39,9.55618,-37.866
2024-12-16T11:29:57Z,17.92,1.12555,0.00037,49.32,9.80686,-34.719
2024-12-16T11:44:57Z,18.0,1.0456,0.00037,46.26,10.05755,-31.585
2024-12-16T11:59:57Z,18.06,0.98939,0.00016,43.22,10.30823,-28.467
2024-12-16T12:14:57Z,18.11,0.94486,2e-05,40.19,10.55892,-25.366
2024-12-16T12:29:57Z,18.18,0.88586,1e-05,37.17,10.8096,-22.285
2024-12-16T12:44:57Z,18.25,0.83055,0.00017,34.17,11.06029,-19.227
2024-12-16T12:59:57Z,18.31,0.7859,5e-05,31.19,11.31097,-16.195
2024-12-16T13:14:57Z,18.28,0.80791,9e-05,28.24,11.56165,-13.193
2024-12-16T13:29:57Z,17.53,1.612,0.00088,25.3,11.81234,-10.222
2024-12-16T13:44:57Z,14.95,17.35264,0.05473,22.4,12.06302,-7.288
2024-12-16T13:59:57Z,11.27,514.47659,0.30605,19.52,12.31371,-4.394
2024-12-17T00:44:58Z,12.61,149.74958,0.14792,-10.37,23.09342,-5.377
2024-12-17T00:59:58Z,16.26,5.19237,0.24872,-8.04,23.34411,-8.285
2024-12-17T01:14:58Z,18.33,0.77155,0.02101,-5.64,23.59479,-11.232
2024-12-17T01:29:58Z,18.79,0.50509,0.00013,-3.17,23.84547,-14.214
2024-12-17T01:44:58Z,18.8,0.50046,0.00073,-0.65,0.09616,-17.227
2024-12-17T01:59:58Z,18.75,0.52404,0.00053,1.94,0.34684,-20.268
2024-12-17T02:14:58Z,18.69,0.55382,0.00053,4.58,0.59753,-23.334
2024-12-17T02:29:58Z,18.59,0.60725,6e-05,7.27,0.84821,-26.422
2024-12-17T02:44:58Z,18.55,0.63004,5e-05,10.0,1.0989,-29.529
2024-12-17T02:59:58Z,18.51,0.65368,5e-05,12.78,1.34958,-32.654
2024-12-17T03:14:58Z,18.46,0.68449,2e-05,15.59,1.60027,-35.792
2024-12-17T03:29:58Z,18.43,0.70366,1e-05,18.43,1.85095,-38.942
2024-12-17T03:44:58Z,18.39,0.73007,1e-05,21.31,2.10164,-42.101
2024-12-17T03:59:58Z,18.36,0.75053,4e-05,24.22,2.35232,-45.267
2024-12-17T04:14:58Z,18.33,0.77155,1e-05,27.15,2.603,-48.435
2024-12-17T04:29:58Z,18.31,0.7859,1e-05,30.11,2.85369,-51.602
2024-12-17T04:44:58Z,18.29,0.80051,1e-05,33.09,3.10437,-54.765
2024-12-17T04:59:58Z,18.26,0.82294,1e-05,36.09,3.35506,-57.916
2024-12-17T05:14:56Z,18.22,0.85382,1e-05,39.11,3.60519,-61.042
2024-12-17T05:29:56Z,18.18,0.88586,2e-05,42.14,3.85587,-64.146
2024-12-17T05:44:56Z,18.13,0.92761,0.00037,45.19,4.10655,-67.206
2024-12-17T05:59:56Z,18.07,0.98031,0.00049,48.25,4.35724,-70.195
2024-12-17T06:14:56Z,18.01,1.03601,0.00025,51.32,4.60792,-73.075
2024-12-17T06:29:56Z,17.93,1.11523,0.79557,54.4,4.85861,-75.773
2024-12-17T06:44:56Z,17.79,1.26872,1.97041,57.48,5.10929,-78.164
2024-12-17T06:59:56Z,17.56,1.56807,2.38892,60.56,5.35998,-80.018
2024-12-17T07:14:56Z,17.22,2.1447,2.02163,63.64,5.61066,-80.997
2024-12-17T07:29:56Z,16.33,4.86817,1.31442,66.7,5.86135,-80.815
2024-12-17T07:44:56Z,15.34,12.11618,0.92634,69.75,6.11203,-79.533
2024-12-17T07:59:56Z,14.77,20.48168,1.42692,72.75,6.36271,-77.486
2024-12-17T08:14:56Z,14.33,30.71607,2.3892,75.68,6.6134,-74.984
2024-12-17T08:29:56Z,13.96,43.18825,0.01466,78.49,6.86408,-72.22
2024-12-17T08:44:56Z,13.86,47.35498,0.01301,81.03,7.11477,-69.302
2024-12-17T08:59:56Z,13.91,45.22365,0.00293,83.03,7.36545,-66.288
2024-12-17T09:14:56Z,13.93,44.39823,0.0021,83.91,7.61614,-63.214
2024-12-17T09:29:56Z,13.86,47.35498,0.00905,83.22,7.86682,-60.099
2024-12-17T09:44:56Z,13.82,49.13213,0.00597,81.32,8.11751,-56.96
2024-12-17T09:59:56Z,13.89,46.06442,0.00082,78.81,8.36819,-53.805
2024-12-17T10:14:56Z,14.33,30.71607,0.00402,76.03,8.61888,-50.64
2024-12-17T10:29:56Z,14.73,21.25033,0.01202,73.1,8.86956,-47.473
2024-12-17T10:44:56Z,15.27,12.92307,0.00866,70.09,9.12024,-44.305
2024-12-17T10:59:56Z,16.47,4.27923,0.01026,67.04,9.37093,-41.142
2024-12-17T11:14:56Z,17.33,1.93805,0.05065,63.96,9.62161,-37.985
2024-12-17T11:29:56Z,17.65,1.44333,0.05605,60.87,9.8723,-34.839
2024-12-17T11:44:56Z,17.86,1.1895,0.15314,57.77,10.12298,-31.705
2024-12-17T11:59:56Z,17.99,1.05527,0.01096,54.67,10.37367,-28.586
2024-12-17T12:14:56Z,18.06,0.98939,0.02345,51.57,10.62435,-25.485
2024-12-17T12:29:56Z,18.15,0.91068,0.00025,48.48,10.87504,-22.404
2024-12-17T12:44:56Z,18.17,0.89406,0.00105,45.39,11.12572,-19.345
2024-12-17T12:59:56Z,18.2,0.86969,0.00042,42.31,11.3764,-16.313
2024-12-17T13:14:56Z,18.16,0.90233,0.00042,39.24,11.62709,-13.31
2024-12-17T13:29:56Z,17.4,1.81704,0.00037,36.19,11.87777,-10.339
2024-12-17T13:44:56Z,14.9,18.17045,0.05793,33.15,12.12846,-7.404
2024-12-17T13:59:56Z,11.4,456.421,0.28085,30.13,12.37914,-4.509
2024-12-18T00:44:56Z,12.4,181.70447,0.15501,-20.66,23.15858,-5.293
2024-12-18T00:59:56Z,15.99,6.65833,0.38021,-18.61,23.40926,-8.199
2024-12-18T01:14:56Z,18.16,0.90233,0.01472,-16.46,23.65995,-11.144
2024-12-18T01:29:56Z,18.55,0.63004,0.00345,-14.21,23.91063,-14.124
2024-12-18T01:44:56Z,18.57,0.61854,0.00145,-11.88,0.16131,-17.136
2024-12-18T01:59:56Z,18.73,0.53378,0.00153,-9.47,0.412,-20.175
2024-12-18T02:14:56Z,18.77,0.51448,0.00277,-6.99,0.66268,-23.24
2024-12-18T02:29:56Z,18.86,0.47355,0.00201,-4.44,0.91337,-26.327
2024-12-18T02:44:56Z,18.87,0.46921,0.0021,-1.83,1.16405,-29.433
2024-12-18T02:59:56Z,18.82,0.49132,0.00226,0.84,1.41474,-32.557
2024-12-18T03:14:56Z,18.85,0.47793,0.00032,3.55,1.66542,-35.694
2024-12-18T03:29:56Z,18.76,0.51924,1e-05,6.31,1.91611,-38.844
2024-12-18T03:44:56Z,18.73,0.53378,4e-05,9.11,2.16679,-42.002
2024-12-18T03:59:56Z,18.7,0.54874,1e-05,11.95,2.41747,-45.167
2024-12-18T04:14:56Z,18.68,0.55894,9e-05,14.83,2.66816,-48.336
2024-12-18T04:29:56Z,18.66,0.56933,5e-05,17.73,2.91884,-51.503
2024-12-18T04:44:56Z,18.63,0.58528,6e-05,20.67,3.16953,-54.666
2024-12-18T04:59:56Z,18.6,0.60168,2e-05,23.63,3.42021,-57.818
2024-12-18T05:14:56Z,18.59,0.60725,5e-05,26.61,3.6709,-60.953
2024-12-18T05:29:54Z,18.57,0.61854,5e-05,29.61,3.92102,-64.051
2024-12-18T05:44:54Z,18.55,0.63004,5e-05,32.64,4.17171,-67.113
2024-12-18T05:59:54Z,18.51,0.65368,1e-05,35.68,4.42239,-70.107
2024-12-18T06:14:54Z,18.48,0.67199,1e-05,38.74,4.67308,-72.993
2024-12-18T06:29:54Z,18.44,0.69721,0.00369,41.8,4.92376,-75.702
2024-12-18T06:44:54Z,18.39,0.73007,0.00918,44.88,5.17445,-78.109
2024-12-18T06:59:54Z,18.34,0.76448,0.0346,47.95,5.42513,-79.991
2024-12-18T07:14:54Z,18.29,0.80051,0.10645,51.03,5.67582,-81.009
2024-12-18T07:29:54Z,18.22,0.85382,0.4492,54.11,5.9265,-80.869
2024-12-18T07:44:54Z,18.1,0.9536,1.63595,57.18,6.17719,-79.617
2024-12-18T07:59:54Z,17.9,1.14648,2.20187,60.23,6.42787,-77.587
2024-12-18T08:14:54Z,17.61,1.4975,1.95151,63.25,6.67855,-75.094
2024-12-18T08:29:54Z,16.97,2.70001,0.00017,66.23,6.92924,-72.335
2024-12-18T08:44:54Z,15.87,7.43645,0.00818,69.14,7.17992,-69.42
2024-12-18T08:59:54Z,15.3,12.57088,0.01401,71.96,7.43061,-66.407
2024-12-18T09:14:54Z,14.91,18.00386,0.09473,74.61,7.68129,-63.334
2024-12-18T09:29:54Z,14.61,23.73371,0.06661,76.99,7.93198,-60.22
2024-12-18T09:44:54Z,14.46,27.24994,0.02033,78.93,8.18266,-57.081
2024-12-18T09:59:54Z,14.33,30.71607,0.00041,80.15,8.43335,-53.926
2024-12-18T10:14:54Z,14.21,34.30565,0.00101,80.37,8.68403,-50.762
2024-12-18T10:29:54Z,14.21,34.30565,0.00217,79.54,8.93471,-47.594
2024-12-18T10:44:54Z,14.5,26.26429,0.00121,77.86,9.1854,-44.426
2024-12-18T10:59:54Z,14.87,18.67952,0.00789,75.62,9.43608,-41.263
2024-12-18T11:14:54Z,15.39,11.57086,0.00222,73.06,9.68677,-38.106
2024-12-18T11:29:54Z,15.93,7.03664,0.00308,70.29,9.93745,-34.959
2024-12-18T11:44:54Z,16.66,3.59224,0.00093,67.4,10.18814,-31.825
2024-12-18T11:59:54Z,17.59,1.52534,0.00145,64.43,10.43882,-28.706
2024-12-18T12:14:54Z,17.89,1.15709,0.00361,61.4,10.68951,-25.604
2024-12-18T12:29:54Z,18.08,0.97133,0.07732,58.34,10.94019,-22.523
2024-12-18T12:44:54Z,18.23,0.84599,0.03565,55.25,11.19088,-19.464
2024-12-18T12:59:54Z,18.32,0.77869,0.0377,52.15,11.44156,-16.431
2024-12-18T13:14:54Z,18.33,0.77155,0.00037,49.04,11.69224,-13.427
2024-12-18T13:29:54Z,17.73,1.34081,0.00016,45.93,11.94293,-10.456
2024-12-18T13:44:54Z,15.3,12.57088,0.03397,42.81,12.19361,-7.52
2024-12-18T13:59:54Z,11.59,383.14717,0.31305,39.7,12.4443,-4.624
2024-12-19T00:44:54Z,12.24,210.55503,0.08357,-30.4,23.22373,-5.204
2024-12-19T00:59:54Z,15.86,7.50526,0.26048,-28.68,23.47442,-8.109
2024-12-19T01:14:54Z,18.16,0.90233,0.03565,-26.81,23.7251,-11.052
2024-12-19T01:29:54Z,18.8,0.50046,0.00081,-24.82,23.97578,-14.03
2024-12-19T01:44:54Z,18.86,0.47355,9e-05,-22.71,0.22647,-17.04
2024-12-19T01:59:54Z,18.86,0.47355,0.00013,-20.5,0.47715,-20.079
2024-12-19T02:14:54Z,18.85,0.47793,1e-05,-18.19,0.72784,-23.142
2024-12-19T02:29:54Z,18.87,0.46921,0.00029,-15.79,0.97852,-26.228
2024-12-19T02:44:54Z,18.88,0.46491,0.00057,-13.31,1.22921,-29.333
2024-12-19T02:59:54Z,18.89,0.46064,0.00073,-10.76,1.47989,-32.456
2024-12-19T03:14:54Z,18.9,0.45642,0.00017,-8.15,1.73058,-35.593
2024-12-19T03:29:54Z,18.96,0.43188,2e-05,-5.47,1.98126,-38.742
2024-12-19T03:44:54Z,18.97,0.42792,9e-05,-2.74,2.23194,-41.9
2024-12-19T03:59:54Z,18.96,0.43188,0.00026,0.03,2.48263,-45.065
2024-12-19T04:14:54Z,18.94,0.43991,2e-05,2.85,2.73331,-48.233
2024-12-19T04:29:54Z,18.89,0.46064,2e-05,5.71,2.984,-51.401
2024-12-19T04:44:52Z,18.85,0.47793,6e-05,8.6,3.23413,-54.557
2024-12-19T04:59:52Z,18.83,0.48682,5e-05,11.53,3.48481,-57.71
2024-12-19T05:14:52Z,18.81,0.49587,6e-05,14.48,3.73549,-60.845
2024-12-19T05:29:52Z,18.8,0.50046,4e-05,17.47,3.98618,-63.952
2024-12-19T05:44:52Z,18.77,0.51448,1e-05,20.47,4.23686,-67.017
2024-12-19T05:59:52Z,18.75,0.52404,4e-05,23.49,4.48755,-70.014
2024-12-19T06:14:52Z,18.73,0.53378,1e-05,26.53,4.73823,-72.906
2024-12-19T06:29:52Z,18.7,0.54874,0.00034,29.59,4.98892,-75.625
2024-12-19T06:44:52Z,18.67,0.56411,0.00032,32.65,5.2396,-78.048
2024-12-19T06:59:52Z,18.65,0.5746,0.00064,35.73,5.49029,-79.956
2024-12-19T07:14:52Z,18.64,0.57992,0.00142,38.8,5.74097,-81.012
2024-12-19T07:29:52Z,18.6,0.60168,0.00305,41.88,5.99165,-80.914
2024-12-19T07:44:52Z,18.57,0.61854,0.0078,44.95,6.24234,-79.694
2024-12-19T07:59:52Z,18.53,0.64175,0.02758,48.01,6.49302,-77.682
2024-12-19T08:14:52Z,18.48,0.67199,0.08797,51.05,6.74371,-75.2
2024-12-19T08:29:52Z,18.42,0.71018,5e-05,54.07,6.99439,-72.447
2024-12-19T08:44:52Z,18.33,0.77155,1e-05,57.05,7.24508,-69.534
2024-12-19T08:59:52Z,18.16,0.90233,5e-05,59.98,7.49576,-66.523
2024-12-19T09:14:53Z,17.89,1.15709,0.0005,62.83,7.74672,-63.447
2024-12-19T09:29:52Z,17.21,2.16454,0.0005,65.58,7.99713,-60.338
2024-12-19T09:44:52Z,16.34,4.82354,0.01218,68.18,8.24782,-57.199
2024-12-19T09:59:52Z,15.97,6.78212,0.00487,70.57,8.4985,-54.044
2024-12-19T10:14:52Z,15.88,7.36827,0.08615,72.66,8.74918,-50.88
2024-12-19T10:29:52Z,15.76,8.22935,0.03379,74.33,8.99987,-47.712
2024-12-19T10:44:53Z,15.71,8.61719,0.02821,75.42,9.25083,-44.541
2024-12-19T10:59:53Z,15.58,9.71327,0.00681,75.8,9.50152,-41.378
2024-12-19T11:14:53Z,15.58,9.71327,0.00115,75.41,9.7522,-38.221
2024-12-19T11:29:53Z,15.55,9.9854,0.00221,74.31,10.00289,-35.074
2024-12-19T11:44:53Z,15.76,8.22935,0.00221,72.64,10.25357,-31.939
2024-12-19T11:59:53Z,16.43,4.43982,0.00385,70.54,10.50425,-28.82
2024-12-19T12:14:53Z,17.08,2.43986,0.02405,68.13,10.75494,-25.717
2024-12-19T12:29:53Z,17.63,1.47016,0.01376,65.52,11.00562,-22.635
2024-12-19T12:44:53Z,17.95,1.09488,0.03365,62.75,11.25631,-19.576
2024-12-19T12:59:53Z,18.18,0.88586,0.00445,59.88,11.50699,-16.543
2024-12-19T13:14:53Z,18.29,0.80051,0.00105,56.93,11.75768,-13.538
2024-12-19T13:29:53Z,17.76,1.30426,0.00162,53.92,12.00836,-10.565
2024-12-19T13:44:53Z,15.39,11.57086,0.03368,50.87,12.25905,-7.629
2024-12-19T13:59:53Z,11.67,355.93084,0.30245,47.8,12.50973,-4.731
2024-12-20T00:44:53Z,12.11,237.33709,0.07881,-39.37,23.28916,-5.114
2024-12-20T00:59:53Z,15.79,8.00508,0.27225,-38.06,23.53985,-8.017
2024-12-20T01:14:53Z,18.14,0.91911,0.04261,-36.56,23.79053,-10.958
2024-12-20T01:29:53Z,18.81,0.49587,0.00013,-34.88,0.04122,-13.935
2024-12-20T01:44:53Z,18.86,0.47355,1e-05,-33.05,0.2919,-16.944
2024-12-20T01:59:53Z,18.87,0.46921,4e-05,-31.07,0.54259,-19.981
2024-12-20T02:14:53Z,18.88,0.46491,2e-05,-28.96,0.79327,-23.044
2024-12-20T02:29:53Z,18.88,0.46491,0.00025,-26.73,1.04395,-26.129
2024-12-20T02:44:53Z,18.88,0.46491,0.00032,-24.4,1.29464,-29.233
2024-12-20T02:59:53Z,18.89,0.46064,0.0005,-21.98,1.54532,-32.355
2024-12-20T03:14:53Z,18.89,0.46064,9e-05,-19.47,1.79601,-35.491
2024-12-20T03:29:53Z,18.94,0.43991,4e-05,-16.88,2.04669,-38.64
2024-12-20T03:44:53Z,18.96,0.43188,6e-05,-14.23,2.29738,-41.798
2024-12-20T03:59:53Z,18.97,0.42792,5e-05,-11.52,2.54806,-44.962
2024-12-20T04:14:53Z,18.98,0.424,2e-05,-8.75,2.79875,-48.13
2024-12-20T04:29:53Z,19.0,0.41626,2e-05,-5.94,3.04943,-51.298
2024-12-20T04:44:53Z,19.0,0.41626,4e-05,-3.08,3.30011,-54.461
2024-12-20T04:59:53Z,19.0,0.41626,1e-05,-0.18,3.5508,-57.615
2024-12-20T05:14:51Z,18.98,0.424,5e-05,2.74,3.80093,-60.744
2024-12-20T05:29:51Z,18.95,0.43588,2e-05,5.7,4.05161,-63.853
2024-12-20T05:44:51Z,18.92,0.44809,9e-05,8.69,4.3023,-66.919
2024-12-20T05:59:51Z,18.89,0.46064,1e-05,11.7,4.55298,-69.92
2024-12-20T06:14:51Z,18.88,0.46491,9e-05,14.72,4.80366,-72.817
2024-12-20T06:29:51Z,18.87,0.46921,0.00112,17.77,5.05435,-75.545
2024-12-20T06:44:51Z,18.85,0.47793,0.0006,20.82,5.30503,-77.982
2024-12-20T06:59:51Z,18.83,0.48682,0.00029,23.89,5.55572,-79.914
2024-12-20T07:14:51Z,18.83,0.48682,0.00052,26.96,5.8064,-81.006
2024-12-20T07:29:51Z,18.81,0.49587,0.00085,30.03,6.05709,-80.949
2024-12-20T07:44:51Z,18.79,0.50509,0.00156,33.1,6.30777,-79.762
2024-12-20T07:59:51Z,18.77,0.51448,0.00241,36.16,6.55846,-77.769
2024-12-20T08:14:51Z,18.74,0.52889,0.00222,39.21,6.80914,-75.297
2024-12-20T08:29:51Z,18.71,0.54371,1e-05,42.24,7.05982,-72.55
2024-12-20T08:44:51Z,18.67,0.56411,1e-05,45.24,7.31051,-69.641
2024-12-20T08:59:51Z,18.63,0.58528,1e-05,48.2,7.56119,-66.633
2024-12-20T09:14:51Z,18.6,0.60168,1e-05,51.12,7.81188,-63.561
2024-12-20T09:29:51Z,18.55,0.63004,4e-05,53.97,8.06256,-60.45
2024-12-20T09:44:51Z,18.48,0.67199,6e-05,56.73,8.31325,-57.311
2024-12-20T09:59:51Z,18.36,0.75053,0.0001,59.39,8.56393,-54.157
2024-12-20T10:14:51Z,18.17,0.89406,0.0001,61.89,8.81462,-50.993
2024-12-20T10:29:51Z,17.61,1.4975,0.00025,64.21,9.0653,-47.825
2024-12-20T10:44:51Z,17.47,1.70359,0.01136,66.27,9.31598,-44.657
2024-12-20T10:59:51Z,17.44,1.75132,0.04098,68.01,9.56667,-41.493
2024-12-20T11:14:51Z,17.34,1.92028,0.04033,69.34,9.81735,-38.336
2024-12-20T11:29:51Z,17.18,2.22518,0.02425,70.18,10.06804,-35.189
2024-12-20T11:44:51Z,16.92,2.82726,0.00341,70.46,10.31872,-32.054
2024-12-20T11:59:51Z,16.82,3.10003,0.00013,70.16,10.56941,-28.934
2024-12-20T12:14:51Z,16.91,2.85342,0.00613,69.29,10.82009,-25.831
2024-12-20T12:29:51Z,17.19,2.20478,0.00917,67.94,11.07078,-22.748
2024-12-20T12:44:51Z,17.56,1.56807,0.0001,66.18,11.32146,-19.689
2024-12-20T12:59:51Z,17.93,1.11523,0.00114,64.09,11.57214,-16.654
2024-12-20T13:14:51Z,18.13,0.92761,0.00361,61.75,11.82283,-13.649
2024-12-20T13:29:51Z,17.75,1.31633,0.00685,59.22,12.07351,-10.675
2024-12-20T13:44:51Z,15.49,10.55275,0.03446,56.55,12.3242,-7.737
2024-12-20T13:59:51Z,11.79,318.68793,0.30373,53.76,12.57488,-4.838
2024-12-21T00:44:51Z,11.99,265.07308,0.07184,-47.3,23.35432,-5.016
2024-12-21T00:59:51Z,15.71,8.61719,0.29584,-46.53,23.605,-7.917
2024-12-21T01:14:51Z,18.18,0.88586,0.04804,-45.51,23.85568,-10.857
2024-12-21T01:29:51Z,18.89,0.46064,0.00029,-44.25,0.10637,-13.833
2024-12-21T01:44:51Z,18.94,0.43991,1e-05,-42.77,0.35705,-16.841
2024-12-21T01:59:51Z,18.94,0.43991,5e-05,-41.1,0.60774,-19.877
2024-12-21T02:14:51Z,18.94,0.43991,9e-05,-39.25,0.85842,-22.938
2024-12-21T02:29:51Z,18.94,0.43991,8e-05,-37.24,1.10911,-26.022
2024-12-21T02:44:51Z,18.94,0.43991,0.0001,-35.09,1.35979,-29.126
2024-12-21T02:59:51Z,18.96,0.43188,5e-05,-32.81,1.61048,-32.247
2024-12-21T03:14:51Z,18.96,0.43188,5e-05,-30.43,1.86116,-35.383
2024-12-21T03:29:51Z,18.97,0.42792,5e-05,-27.95,2.11184,-38.531
2024-12-21T03:44:51Z,18.99,0.42011,2e-05,-25.38,2.36253,-41.688
2024-12-21T03:59:51Z,19.0,0.41626,1e-05,-22.73,2.61321,-44.853
2024-12-21T04:14:51Z,19.0,0.41626,1e-05,-20.02,2.8639,-48.021
2024-12-21T04:29:51Z,19.01,0.41244,1e-05,-17.25,3.11458,-51.188
2024-12-21T04:44:51Z,19.02,0.40866,1e-05,-14.43,3.36527,-54.352
2024-12-21T04:59:51Z,19.03,0.40492,5e-05,-11.57,3.61595,-57.506
2024-12-21T05:14:49Z,19.05,0.39753,2e-05,-8.67,3.86608,-60.636
2024-12-21T05:29:49Z,19.07,0.39027,1e-05,-5.73,4.11676,-63.746
2024-12-21T05:44:49Z,19.09,0.38315,1e-05,-2.76,4.36745,-66.814
2024-12-21T05:59:49Z,19.09,0.38315,4e-05,0.23,4.61813,-69.818
2024-12-21T06:14:49Z,19.08,0.38669,4e-05,3.25,4.86882,-72.72
2024-12-21T06:29:49Z,19.06,0.39388,0.00288,6.28,5.1195,-75.455
2024-12-21T06:44:49Z,19.04,0.4012,0.00124,9.33,5.37019,-77.906
2024-12-21T06:59:49Z,19.03,0.40492,0.0005,12.39,5.62087,-79.862
2024-12-21T07:14:49Z,19.04,0.4012,0.00047,15.45,5.87155,-80.991
2024-12-21T07:29:49Z,19.02,0.40866,0.00045,18.52,6.12224,-80.976
2024-12-21T07:44:49Z,19.01,0.41244,0.00047,21.58,6.37292,-79.823
2024-12-21T07:59:49Z,18.99,0.42011,0.00063,24.64,6.62361,-77.853
2024-12-21T08:14:49Z,18.98,0.424,0.00081,27.69,6.87429,-75.393
2024-12-21T08:29:49Z,18.97,0.42792,2e-05,30.72,7.12498,-72.653
2024-12-21T08:44:49Z,18.95,0.43588,2e-05,33.73,7.37566,-69.748
2024-12-21T08:59:49Z,18.93,0.44398,4e-05,36.71,7.62635,-66.742
2024-12-21T09:14:49Z,18.9,0.45642,1e-05,39.65,7.87703,-63.672
2024-12-21T09:29:49Z,18.88,0.46491,1e-05,42.54,8.12771,-60.562
2024-12-21T09:44:49Z,18.86,0.47355,2e-05,45.37,8.3784,-57.424
2024-12-21T09:59:49Z,18.82,0.49132,2e-05,48.13,8.62908,-54.27
2024-12-21T10:14:49Z,18.8,0.50046,9e-05,50.79,8.87977,-51.106
2024-12-21T10:29:49Z,18.75,0.52404,9e-05,53.33,9.13045,-47.938
2024-12-21T10:44:49Z,18.7,0.54874,0.00013,55.73,9.38114,-44.77
2024-12-21T10:59:49Z,18.61,0.59616,0.00013,57.94,9.63182,-41.606
2024-12-21T11:14:49Z,18.51,0.65368,8e-05,59.93,9.88251,-38.449
2024-12-21T11:29:49Z,18.41,0.71675,8e-05,61.64,10.13319,-35.301
2024-12-21T11:44:49Z,18.28,0.80791,0.00017,63.03,10.38387,-32.166
2024-12-21T11:59:49Z,18.16,0.90233,6e-05,64.03,10.63456,-29.045
2024-12-21T12:14:49Z,18.06,0.98939,8e-05,64.6,10.88524,-25.942
2024-12-21T12:29:49Z,18.02,1.02652,0.00026,64.71,11.13593,-22.858
2024-12-21T12:44:49Z,18.06,0.98939,0.00026,64.35,11.38661,-19.798
2024-12-21T12:59:49Z,18.15,0.91068,0.00037,63.55,11.6373,-16.762
2024-12-21T13:14:49Z,18.23,0.84599,5e-05,62.33,11.88798,-13.756
2024-12-21T13:29:49Z,17.86,1.1895,0.00082,60.76,12.13867,-10.781
2024-12-21T13:44:49Z,15.62,9.36194,0.02706,58.89,12.38935,-7.841
2024-12-21T13:59:49Z,11.94,277.56559,0.35968,56.77,12.64003,-4.941
2024-12-22T00:44:50Z,11.84,304.34461,0.06369,-53.71,23.41975,-4.917
2024-12-22T00:59:50Z,15.63,9.2761,0.29106,-53.67,23.67043,-7.816
2024-12-22T01:14:50Z,18.16,0.90233,0.05093,-53.31,23.92111,-10.755
2024-12-22T01:29:50Z,18.94,0.43991,0.00069,-52.64,0.1718,-13.73
2024-12-22T01:44:50Z,19.01,0.41244,0.00026,-51.67,0.42248,-16.736
2024-12-22T01:59:50Z,19.03,0.40492,0.00013,-50.43,0.67317,-19.772
2024-12-22T02:14:50Z,19.01,0.41244,1e-05,-48.95,0.92385,-22.832
2024-12-22T02:29:50Z,19.02,0.40866,1e-05,-47.24,1.17454,-25.915
2024-12-22T02:44:50Z,19.02,0.40866,0.00017,-45.33,1.42522,-29.019
2024-12-22T02:59:50Z,19.02,0.40866,0.00013,-43.26,1.67591,-32.139
2024-12-22T03:14:50Z,19.01,0.41244,0.00016,-41.03,1.92659,-35.275
2024-12-22T03:29:50Z,19.0,0.41626,0.00037,-38.68,2.17727,-38.422
2024-12-22T03:44:50Z,19.02,0.40866,0.00049,-36.21,2.42796,-41.579
2024-12-22T03:59:50Z,19.02,0.40866,0.00041,-33.65,2.67864,-44.743
2024-12-22T04:14:50Z,19.02,0.40866,0.00041,-31.0,2.92933,-47.911
2024-12-22T04:29:50Z,19.06,0.39388,5e-05,-28.29,3.18001,-51.079
2024-12-22T04:44:50Z,19.05,0.39753,2e-05,-25.51,3.4307,-54.243
2024-12-22T04:59:50Z,19.05,0.39753,2e-05,-22.67,3.68138,-57.397
2024-12-22T05:14:47Z,19.06,0.39388,2e-05,-19.8,3.93123,-60.524
2024-12-22T05:29:47Z,19.06,0.39388,2e-05,-16.88,4.18191,-63.635
2024-12-22T05:44:47Z,19.07,0.39027,2e-05,-13.93,4.4326,-66.706
2024-12-22T05:59:47Z,19.07,0.39027,2e-05,-10.95,4.68328,-69.712
2024-12-22T06:14:47Z,19.08,0.38669,0.00016,-7.95,4.93397,-72.618
2024-12-22T06:29:47Z,19.09,0.38315,0.00142,-4.93,5.18465,-75.361
2024-12-22T06:44:47Z,19.12,0.37271,0.00199,-1.89,5.43534,-77.824
2024-12-22T06:59:47Z,19.15,0.36255,0.00297,1.16,5.68602,-79.802
2024-12-22T07:14:48Z,19.16,0.35922,0.00507,4.22,5.93698,-80.967
2024-12-22T07:29:48Z,19.16,0.35922,0.00609,7.28,6.18767,-80.994
2024-12-22T07:44:48Z,19.14,0.3659,0.00589,10.33,6.43835,-79.876
2024-12-22T07:59:48Z,19.14,0.3659,0.003,13.39,6.68904,-77.927
2024-12-22T08:14:48Z,19.12,0.37271,0.00094,16.43,6.93972,-75.481
2024-12-22T08:29:48Z,19.11,0.37615,9e-05,19.46,7.19041,-72.748
2024-12-22T08:44:48Z,19.09,0.38315,8e-05,22.47,7.44109,-69.848
2024-12-22T08:59:48Z,19.08,0.38669,5e-05,25.46,7.69178,-66.845
2024-12-22T09:14:48Z,19.06,0.39388,2e-05,28.41,7.94246,-63.777
2024-12-22T09:29:48Z,19.04,0.4012,2e-05,31.33,8.19314,-60.667
2024-12-22T09:44:48Z,19.03,0.40492,2e-05,34.2,8.44383,-57.53
2024-12-22T09:59:48Z,19.01,0.41244,4e-05,37.01,8.69451,-54.376
2024-12-22T10:14:48Z,19.0,0.41626,2e-05,39.75,8.9452,-51.213
2024-12-22T10:29:48Z,18.98,0.424,2e-05,42.4,9.19588,-48.045
2024-12-22T10:44:48Z,18.97,0.42792,2e-05,44.95,9.44657,-44.877
2024-12-22T10:59:48Z,18.95,0.43588,2e-05,47.38,9.69725,-41.713
2024-12-22T11:14:48Z,18.93,0.44398,2e-05,49.66,9.94794,-38.555
2024-12-22T11:29:48Z,18.91,0.45224,2e-05,51.77,10.19862,-35.407
2024-12-22T11:44:48Z,18.88,0.46491,1e-05,53.67,10.4493,-32.271
2024-12-22T11:59:48Z,18.84,0.48235,1e-05,55.33,10.69999,-29.15
2024-12-22T12:14:48Z,18.8,0.50046,1e-05,56.7,10.95067,-26.046
2024-12-22T12:29:48Z,18.75,0.52404,1e-05,57.76,11.20136,-22.961
2024-12-22T12:44:48Z,18.73,0.53378,1e-05,58.47,11.45204,-19.9
2024-12-22T12:59:48Z,18.7,0.54874,0.00013,58.8,11.70273,-16.863
2024-12-22T13:14:48Z,18.65,0.5746,9e-05,58.75,11.95341,-13.856
2024-12-22T13:29:48Z,18.02,1.02652,0.00026,58.3,12.2041,-10.879
2024-12-22T13:44:48Z,15.7,8.69692,0.03681,57.49,12.45478,-7.939
2024-12-22T13:59:48Z,12.03,255.48513,0.28321,56.33,12.70547,-5.037
2024-12-23T00:44:48Z,11.98,267.52577,0.02917,-57.87,23.4849,-4.81
2024-12-23T00:59:48Z,15.55,9.9854,0.22242,-58.77,23.73558,-7.708
2024-12-23T01:14:48Z,17.58,1.53945,0.12793,-59.31,23.98627,-10.646
2024-12-23T01:29:48Z,18.56,0.62426,0.02178,-59.48,0.23695,-13.62
2024-12-23T01:44:48Z,18.51,0.65368,0.00066,-59.28,0.48764,-16.625
2024-12-23T01:59:48Z,18.81,0.49587,9e-05,-58.71,0.73832,-19.659
2024-12-23T02:14:48Z,18.96,0.43188,0.01746,-57.79,0.989,-22.719
2024-12-23T02:29:48Z,19.05,0.39753,0.15605,-56.55,1.23969,-25.802
2024-12-23T02:44:48Z,19.06,0.39388,0.1265,-55.03,1.49037,-28.904
2024-12-23T02:59:48Z,19.03,0.40492,0.51945,-53.26,1.74106,-32.025
2024-12-23T03:14:48Z,18.54,0.63587,0.16946,-51.27,1.99174,-35.159
2024-12-23T03:29:48Z,19.04,0.4012,0.77193,-49.1,2.24243,-38.307
2024-12-23T03:44:48Z,19.01,0.41244,0.13093,-46.78,2.49311,-41.464
2024-12-23T03:59:48Z,17.71,1.36573,0.23881,-44.33,2.7438,-44.627
2024-12-23T04:14:48Z,16.81,3.12871,0.04076,-41.76,2.99448,-47.795
2024-12-23T04:29:48Z,17.41,1.80039,0.02821,-39.11,3.24516,-50.963
2024-12-23T04:44:48Z,17.9,1.14648,0.01761,-36.38,3.49585,-54.127
2024-12-23T04:59:48Z,18.51,0.65368,0.06217,-33.58,3.74653,-57.281
2024-12-23T05:14:48Z,18.49,0.66583,0.0714,-30.73,3.99722,-60.42
2024-12-23T05:29:46Z,18.43,0.70366,0.00716,-27.84,4.24734,-63.525
2024-12-23T05:44:46Z,17.84,1.21162,0.16525,-24.91,4.49803,-66.596
2024-12-23T05:59:46Z,17.75,1.31633,0.10925,-21.94,4.74871,-69.605
2024-12-23T06:14:46Z,17.79,1.26872,0.3241,-18.95,4.9994,-72.515
2024-12-23T06:29:46Z,18.29,0.80051,0.81481,-15.94,5.25008,-75.264
2024-12-23T06:44:46Z,17.82,1.23414,0.73536,-12.91,5.50077,-77.738
2024-12-23T06:59:46Z,17.7,1.37837,0.56876,-9.87,5.75145,-79.736
2024-12-23T07:14:46Z,18.38,0.73683,0.66276,-6.83,6.00214,-80.933
2024-12-23T07:29:46Z,17.76,1.30426,0.59196,-3.78,6.25282,-81.003
2024-12-23T07:44:46Z,17.64,1.45668,0.56399,-0.73,6.50351,-79.922
2024-12-23T07:59:46Z,17.71,1.36573,0.96941,2.32,6.75419,-77.998
2024-12-23T08:14:46Z,17.38,1.85083,0.93852,5.36,7.00487,-75.566
2024-12-23T08:29:46Z,17.32,1.95599,0.08212,8.38,7.25556,-72.841
2024-12-23T08:44:46Z,16.85,3.01554,0.02332,11.39,7.50624,-69.946
2024-12-23T08:59:46Z,17.82,1.23414,0.02605,14.38,7.75693,-66.947
2024-12-23T09:14:46Z,17.09,2.4175,0.22833,17.34,8.00761,-63.881
2024-12-23T09:29:46Z,17.12,2.35161,0.52213,20.27,8.2583,-60.773
2024-12-23T09:44:46Z,16.58,3.86692,0.49424,23.16,8.50898,-57.637
2024-12-23T09:59:46Z,16.49,4.20113,0.33289,26.0,8.75967,-54.484
2024-12-23T10:14:46Z,16.81,3.12871,0.0885,28.79,9.01035,-51.32
2024-12-23T10:29:46Z,18.37,0.74364,0.11209,31.51,9.26103,-48.152
2024-12-23T10:44:46Z,18.06,0.98939,0.07322,34.15,9.51172,-44.985
2024-12-23T10:59:46Z,16.86,2.9879,0.74161,36.71,9.7624,-41.82
2024-12-23T11:14:46Z,16.91,2.85342,0.69266,39.16,10.01309,-38.662
2024-12-23T11:29:46Z,18.1,0.9536,0.99266,41.48,10.26377,-35.513
2024-12-23T11:44:46Z,17.53,1.612,0.48441,43.66,10.51446,-32.377
2024-12-23T11:59:46Z,16.76,3.27616,1.01721,45.67,10.76514,-29.255
2024-12-23T12:14:46Z,16.78,3.21637,0.46373,47.5,11.01583,-26.15
2024-12-23T12:29:46Z,16.8,3.15766,0.65489,49.1,11.26651,-23.064
2024-12-23T12:44:46Z,17.14,2.30869,0.04926,50.46,11.51719,-20.002
2024-12-23T12:59:46Z,17.32,1.95599,0.03969,51.54,11.76788,-16.964
2024-12-23T13:14:46Z,17.4,1.81704,0.0117,52.33,12.01856,-13.955
2024-12-23T13:29:46Z,17.4,1.81704,0.02181,52.8,12.26925,-10.978
2024-12-23T13:44:46Z,15.44,11.05009,0.00066,52.95,12.51993,-8.035
2024-12-23T13:59:46Z,12.23,212.50327,0.39753,52.76,12.77062,-5.132
2024-12-24T00:44:46Z,11.78,321.63672,0.06017,-58.99,23.55005,-4.699
2024-12-24T00:59:46Z,15.57,9.80315,0.26744,-60.87,23.80073,-7.596
2024-12-24T01:14:46Z,18.08,0.97133,0.05632,-62.47,0.05142,-10.533
2024-12-24T01:29:46Z,18.88,0.46491,0.00088,-63.73,0.3021,-13.505
2024-12-24T01:44:46Z,18.96,0.43188,1e-05,-64.62,0.55279,-16.51
2024-12-24T01:59:46Z,18.96,0.43188,1e-05,-65.08,0.80347,-19.544
2024-12-24T02:14:46Z,18.96,0.43188,1e-05,-65.09,1.05416,-22.603
2024-12-24T02:29:46Z,18.97,0.42792,6e-05,-64.66,1.30484,-25.685
2024-12-24T02:44:46Z,18.98,0.424,5e-05,-63.8,1.55552,-28.787
2024-12-24T02:59:46Z,18.99,0.42011,6e-05,-62.56,1.80621,-31.907
2024-12-24T03:14:46Z,18.99,0.42011,1e-05,-60.99,2.05689,-35.041
2024-12-24T03:29:46Z,19.01,0.41244,1e-05,-59.14,2.30758,-38.188
2024-12-24T03:44:46Z,19.02,0.40866,6e-05,-57.05,2.55826,-41.345
2024-12-24T03:59:46Z,19.03,0.40492,5e-05,-54.77,2.80895,-44.508
2024-12-24T04:14:46Z,19.04,0.4012,6e-05,-52.34,3.05963,-47.676
2024-12-24T04:29:46Z,19.04,0.4012,4e-05,-49.77,3.31032,-50.844
2024-12-24T04:44:46Z,19.06,0.39388,2e-05,-47.11,3.561,-54.008
2024-12-24T04:59:46Z,19.07,0.39027,5e-05,-44.37,3.81168,-57.163
2024-12-24T05:14:44Z,19.08,0.38669,5e-05,-41.56,4.06181,-60.295
2024-12-24T05:29:44Z,19.1,0.37963,5e-05,-38.69,4.3125,-63.407
2024-12-24T05:44:44Z,19.11,0.37615,5e-05,-35.78,4.56318,-66.48
2024-12-24T05:59:44Z,19.11,0.37615,2e-05,-32.83,4.81387,-69.491
2024-12-24T06:14:44Z,19.12,0.37271,2e-05,-29.85,5.06455,-72.404
2024-12-24T06:29:44Z,19.14,0.3659,0.0004,-26.85,5.31523,-75.158
2024-12-24T06:44:44Z,19.15,0.36255,0.00048,-23.83,5.56592,-77.643
2024-12-24T06:59:44Z,19.17,0.35593,0.00036,-20.8,5.8166,-79.66
2024-12-24T07:14:44Z,19.19,0.34943,0.00032,-17.77,6.06729,-80.89
2024-12-24T07:29:44Z,19.2,0.34623,0.00043,-14.73,6.31797,-81.002
2024-12-24T07:44:44Z,19.22,0.33991,0.0006,-11.68,6.56866,-79.959
2024-12-24T07:59:44Z,19.22,0.33991,0.00085,-8.64,6.81934,-78.061
2024-12-24T08:14:44Z,19.23,0.33679,0.00076,-5.61,7.07003,-75.645
2024-12-24T08:29:44Z,19.24,0.33371,5e-05,-2.59,7.32071,-72.93
2024-12-24T08:44:44Z,19.24,0.33371,6e-05,0.41,7.57139,-70.041
2024-12-24T08:59:44Z,19.24,0.33371,4e-05,3.4,7.82208,-67.045
2024-12-24T09:14:44Z,19.24,0.33371,1e-05,6.37,8.07276,-63.982
2024-12-24T09:29:44Z,19.23,0.33679,1e-05,9.3,8.32345,-60.875
2024-12-24T09:44:44Z,19.22,0.33991,1e-05,12.21,8.57413,-57.74
2024-12-24T09:59:44Z,19.22,0.33991,1e-05,15.07,8.82482,-54.587
2024-12-24T10:14:44Z,19.21,0.34306,4e-05,17.89,9.0755,-51.424
2024-12-24T10:29:44Z,19.21,0.34306,2e-05,20.66,9.32619,-48.257
2024-12-24T10:44:44Z,19.21,0.34306,2e-05,23.36,9.57687,-45.089
2024-12-24T10:59:44Z,19.2,0.34623,2e-05,26.0,9.82756,-41.924
2024-12-24T11:14:44Z,19.2,0.34623,4e-05,28.56,10.07824,-38.765
2024-12-24T11:29:44Z,19.2,0.34623,2e-05,31.02,10.32892,-35.616
2024-12-24T11:44:44Z,19.18,0.35267,2e-05,33.38,10.57961,-32.479
2024-12-24T11:59:44Z,19.17,0.35593,9e-05,35.61,10.83029,-29.356
2024-12-24T12:14:44Z,19.17,0.35593,5e-05,37.71,11.08098,-26.25
2024-12-24T12:29:44Z,19.17,0.35593,0.0001,39.65,11.33166,-23.164
2024-12-24T12:44:44Z,19.16,0.35922,1e-05,41.42,11.58235,-20.1
2024-12-24T12:59:44Z,19.14,0.3659,4e-05,42.99,11.83303,-17.061
2024-12-24T13:14:44Z,19.08,0.38669,1e-05,44.34,12.08372,-14.051
2024-12-24T13:29:44Z,18.34,0.76448,0.0001,45.46,12.3344,-11.072
2024-12-24T13:44:44Z,15.93,7.03664,0.05021,46.32,12.58508,-8.128
2024-12-24T13:59:44Z,12.31,197.4084,0.26744,46.9,12.83577,-5.222
2024-12-25T00:44:45Z,11.65,362.54809,0.05477,-56.77,23.61548,-4.587
2024-12-25T00:59:45Z,15.45,10.94878,0.28409,-59.38,23.86616,-7.483
2024-12-25T01:14:45Z,18.08,0.97133,0.05328,-61.85,0.11685,-10.419
2024-12-25T01:29:45Z,18.93,0.44398,0.00345,-64.13,0.36753,-13.391
2024-12-25T01:44:45Z,19.02,0.40866,0.00133,-66.17,0.61822,-16.395
2024-12-25T01:59:45Z,19.01,0.41244,0.00102,-67.91,0.8689,-19.428
2024-12-25T02:14:45Z,18.93,0.44398,0.00385,-69.27,1.11959,-22.486
2024-12-25T02:29:45Z,18.93,0.44398,0.02341,-70.17,1.37027,-25.568
2024-12-25T02:44:45Z,18.94,0.43991,0.29405,-70.54,1.62096,-28.67
2024-12-25T02:59:45Z,18.93,0.44398,0.22793,-70.36,1.87164,-31.789
2024-12-25T03:14:45Z,18.74,0.52889,0.28057,-69.64,2.12232,-34.923
2024-12-25T03:29:45Z,18.05,0.99854,0.13444,-68.43,2.37301,-38.07
2024-12-25T03:44:45Z,18.69,0.55382,0.04993,-66.82,2.62369,-41.226
2024-12-25T03:59:45Z,18.56,0.62426,0.06218,-64.88,2.87438,-44.39
2024-12-25T04:14:45Z,18.51,0.65368,0.0723,-62.69,3.12506,-47.557
2024-12-25T04:29:45Z,18.83,0.48682,0.03669,-60.29,3.37575,-50.725
2024-12-25T04:44:45Z,18.67,0.56411,0.0153,-57.74,3.62643,-53.89
2024-12-25T04:59:45Z,18.19,0.87774,0.04262,-55.08,3.87712,-57.045
2024-12-25T05:14:42Z,18.06,0.98939,0.10149,-52.33,4.12696,-60.173
2024-12-25T05:29:42Z,18.13,0.92761,0.09409,-49.5,4.37765,-63.287
2024-12-25T05:44:42Z,18.16,0.90233,0.12353,-46.62,4.62833,-66.36
2024-12-25T05:59:42Z,17.74,1.32851,0.02325,-43.69,4.87902,-69.373
2024-12-25T06:14:42Z,18.08,0.97133,0.00533,-40.73,5.1297,-72.288
2024-12-25T06:29:42Z,18.7,0.54874,0.65365,-37.74,5.38039,-75.048
2024-12-25T06:44:42Z,18.97,0.42792,0.60502,-34.74,5.63107,-77.542
2024-12-25T06:59:42Z,19.19,0.34943,0.64403,-31.72,5.88176,-79.577
2024-12-25T07:14:42Z,19.22,0.33991,0.77867,-28.69,6.13244,-80.838
2024-12-25T07:29:42Z,19.23,0.33679,0.5367,-25.66,6.38312,-80.992
2024-12-25T07:44:43Z,19.25,0.33065,0.13112,-22.62,6.63409,-79.987
2024-12-25T07:59:42Z,19.25,0.33065,0.03464,-19.59,6.88449,-78.118
2024-12-25T08:14:43Z,19.25,0.33065,0.00084,-16.56,7.13546,-75.715
2024-12-25T08:29:43Z,19.25,0.33065,5e-05,-13.55,7.38614,-73.011
2024-12-25T08:44:43Z,19.27,0.32461,5e-05,-10.54,7.63683,-70.128
2024-12-25T08:59:43Z,19.28,0.32164,5e-05,-7.56,7.88751,-67.136
2024-12-25T09:14:43Z,19.3,0.31577,5e-05,-4.59,8.13819,-64.075
2024-12-25T09:29:43Z,19.3,0.31577,5e-05,-1.65,8.38888,-60.97
2024-12-25T09:44:43Z,19.3,0.31577,5e-05,1.27,8.63956,-57.836
2024-12-25T09:59:43Z,19.29,0.31869,5e-05,4.15,8.89025,-54.685
2024-12-25T10:14:43Z,19.3,0.31577,2e-05,6.99,9.14093,-51.522
2024-12-25T10:29:43Z,19.28,0.32164,6e-05,9.8,9.39162,-48.354
2024-12-25T10:44:43Z,19.27,0.32461,0.00013,12.55,9.6423,-45.186
2024-12-25T10:59:43Z,19.27,0.32461,0.00013,15.25,9.89299,-42.021
2024-12-25T11:14:43Z,19.21,0.34306,0.00018,17.88,10.14367,-38.862
2024-12-25T11:29:43Z,19.01,0.41244,0.00056,20.45,10.39435,-35.712
2024-12-25T11:44:43Z,17.36,1.88524,0.00225,22.93,10.64504,-32.574
2024-12-25T11:59:43Z,18.27,0.81539,0.21482,25.32,10.89572,-29.451
2024-12-25T12:14:43Z,17.76,1.30426,1.13332,27.61,11.14641,-26.344
2024-12-25T12:29:43Z,19.14,0.3659,0.91209,29.79,11.39709,-23.256
2024-12-25T12:44:43Z,17.43,1.76753,0.80409,31.84,11.64778,-20.191
2024-12-25T12:59:43Z,18.49,0.66583,1.26066,33.74,11.89846,-17.151
2024-12-25T13:14:43Z,19.09,0.38315,1.75609,35.48,12.14915,-14.139
2024-12-25T13:29:43Z,18.57,0.61854,1.87209,37.05,12.39983,-11.158
2024-12-25T13:44:43Z,16.3,5.00456,1.60757,38.42,12.65052,-8.212
2024-12-25T13:59:43Z,12.54,159.72232,0.16642,39.59,12.9012,-5.305
2024-12-26T00:44:43Z,11.58,386.69239,0.04893,-51.72,23.68063,-4.468
2024-12-26T00:59:43Z,15.44,11.05009,0.27965,-54.68,23.93132,-7.363
2024-12-26T01:14:43Z,18.08,0.97133,0.06845,-57.6,0.182,-10.298
2024-12-26T01:29:43Z,18.97,0.42792,0.00085,-60.45,0.43269,-13.269
2024-12-26T01:44:43Z,19.06,0.39388,2e-05,-63.22,0.68337,-16.273
2024-12-26T01:59:43Z,19.07,0.39027,2e-05,-65.88,0.93405,-19.305
2024-12-26T02:14:43Z,19.07,0.39027,9e-05,-68.38,1.18474,-22.363
2024-12-26T02:29:43Z,19.08,0.38669,9e-05,-70.66,1.43542,-25.444
2024-12-26T02:44:43Z,19.08,0.38669,9e-05,-72.64,1.68611,-28.546
2024-12-26T02:59:43Z,19.08,0.38669,0.00013,-74.2,1.93679,-31.665
2024-12-26T03:14:43Z,19.1,0.37963,0.001,-75.2,2.18748,-34.799
2024-12-26T03:29:43Z,19.1,0.37963,0.0063,-75.53,2.43816,-37.945
2024-12-26T03:44:43Z,19.12,0.37271,0.01009,-75.14,2.68885,-41.102
2024-12-26T03:59:43Z,19.11,0.37615,0.01298,-74.1,2.93953,-44.265
2024-12-26T04:14:43Z,19.02,0.40866,0.01252,-72.51,3.19022,-47.433
2024-12-26T04:29:43Z,19.12,0.37271,0.00838,-70.52,3.4409,-50.601
2024-12-26T04:44:43Z,18.97,0.42792,0.00247,-68.22,3.69158,-53.765
2024-12-26T04:59:41Z,19.07,0.39027,0.00148,-65.73,3.94171,-56.913
2024-12-26T05:14:41Z,19.03,0.40492,0.00265,-63.08,4.1924,-60.052
2024-12-26T05:29:41Z,19.06,0.39388,0.00362,-60.32,4.44308,-63.166
2024-12-26T05:44:41Z,19.05,0.39753,0.00146,-57.48,4.69376,-66.24
2024-12-26T05:59:41Z,19.17,0.35593,9e-05,-54.59,4.94445,-69.254
2024-12-26T06:14:41Z,19.19,0.34943,0.00018,-51.65,5.19513,-72.172
2024-12-26T06:29:41Z,19.19,0.34943,0.00741,-48.68,5.44582,-74.935
2024-12-26T06:44:41Z,19.21,0.34306,0.00741,-45.69,5.6965,-77.438
2024-12-26T06:59:41Z,19.21,0.34306,0.0069,-42.68,5.94719,-79.488
2024-12-26T07:14:41Z,19.25,0.33065,0.00086,-39.66,6.19787,-80.778
2024-12-26T07:29:41Z,19.26,0.32762,0.00108,-36.64,6.44856,-80.972
2024-12-26T07:44:41Z,19.28,0.32164,0.00125,-33.61,6.69924,-80.008
2024-12-26T07:59:41Z,19.3,0.31577,0.00152,-30.59,6.94993,-78.165
2024-12-26T08:14:41Z,19.29,0.31869,0.00337,-27.57,7.20061,-75.783
2024-12-26T08:29:41Z,19.3,0.31577,0.00017,-24.56,7.45129,-73.089
2024-12-26T08:44:41Z,19.31,0.31287,0.00013,-21.56,7.70198,-70.213
2024-12-26T08:59:41Z,19.31,0.31287,0.00016,-18.58,7.95266,-67.226
2024-12-26T09:14:41Z,19.28,0.32164,9e-05,-15.61,8.20335,-64.168
2024-12-26T09:29:41Z,19.28,0.32164,9e-05,-12.66,8.45403,-61.065
2024-12-26T09:44:41Z,19.24,0.33371,0.00025,-9.73,8.70472,-57.933
2024-12-26T09:59:41Z,19.11,0.37615,0.00025,-6.83,8.9554,-54.782
2024-12-26T10:14:41Z,19.21,0.34306,0.00145,-3.96,9.20609,-51.62
2024-12-26T10:29:41Z,19.09,0.38315,0.00925,-1.13,9.45677,-48.452
2024-12-26T10:44:41Z,18.96,0.43188,0.01016,1.66,9.70745,-45.284
2024-12-26T10:59:41Z,19.0,0.41626,0.01198,4.41,9.95814,-42.118
2024-12-26T11:14:41Z,18.63,0.58528,0.01522,7.12,10.20882,-38.959
2024-12-26T11:29:41Z,18.6,0.60168,0.02425,9.76,10.45951,-35.809
2024-12-26T11:44:41Z,19.25,0.33065,0.02816,12.34,10.71019,-32.67
2024-12-26T11:59:41Z,19.12,0.37271,0.12121,14.86,10.96088,-29.545
2024-12-26T12:14:41Z,19.15,0.36255,0.17173,17.3,11.21156,-26.437
2024-12-26T12:29:41Z,18.35,0.75747,0.10933,19.65,11.46225,-23.349
2024-12-26T12:44:41Z,17.94,1.10501,0.05346,21.9,11.71293,-20.282
2024-12-26T12:59:41Z,18.29,0.80051,0.07506,24.05,11.96361,-17.24
2024-12-26T13:14:41Z,18.37,0.74364,0.26313,26.08,12.2143,-14.227
2024-12-26T13:29:41Z,18.26,0.82294,0.07156,27.98,12.46498,-11.244
2024-12-26T13:44:41Z,16.0,6.59729,0.10785,29.73,12.71567,-8.296
2024-12-26T13:59:41Z,12.16,226.65517,0.41289,31.33,12.96635,-5.387
2024-12-27T00:44:41Z,11.45,435.87867,0.04978,-44.66,23.74579,-4.345
2024-12-27T00:59:41Z,15.29,12.6872,0.29681,-47.71,23.99647,-7.239
2024-12-27T01:14:41Z,17.99,1.05527,0.07456,-50.76,0.24715,-10.174
2024-12-27T01:29:41Z,18.89,0.46064,0.00073,-53.79,0.49784,-13.144
2024-12-27T01:44:41Z,18.98,0.424,0.00017,-56.81,0.74852,-16.147
2024-12-27T01:59:41Z,18.99,0.42011,6e-05,-59.8,0.99921,-19.179
2024-12-27T02:14:41Z,19.02,0.40866,5e-05,-62.76,1.24989,-22.237
2024-12-27T02:29:41Z,19.04,0.4012,2e-05,-65.67,1.50058,-25.318
2024-12-27T02:44:41Z,19.04,0.4012,5e-05,-68.51,1.75126,-28.419
2024-12-27T02:59:41Z,19.05,0.39753,0.0001,-71.25,2.00195,-31.538
2024-12-27T03:14:41Z,19.05,0.39753,5e-05,-73.83,2.25263,-34.672
2024-12-27T03:29:41Z,19.06,0.39388,6e-05,-76.16,2.50332,-37.818
2024-12-27T03:44:41Z,19.08,0.38669,4e-05,-78.09,2.754,-40.974
2024-12-27T03:59:41Z,19.08,0.38669,2e-05,-79.41,3.00468,-44.138
2024-12-27T04:14:41Z,19.09,0.38315,2e-05,-79.86,3.25537,-47.305
2024-12-27T04:29:41Z,19.1,0.37963,2e-05,-79.35,3.50605,-50.473
2024-12-27T04:44:41Z,19.1,0.37963,0.00016,-78.0,3.75674,-53.637
2024-12-27T04:59:41Z,19.11,0.37615,0.00013,-76.04,4.00742,-56.792
2024-12-27T05:14:39Z,19.12,0.37271,0.00018,-73.7,4.25755,-59.925
2024-12-27T05:29:39Z,19.15,0.36255,5e-05,-71.13,4.50823,-63.039
2024-12-27T05:44:39Z,19.15,0.36255,9e-05,-68.39,4.75892,-66.114
2024-12-27T05:59:39Z,19.16,0.35922,0.00045,-65.56,5.0096,-69.128
2024-12-27T06:14:39Z,19.18,0.35267,0.00025,-62.67,5.26029,-72.048
2024-12-27T06:29:39Z,19.19,0.34943,0.00128,-59.73,5.51097,-74.815
2024-12-27T06:44:39Z,19.18,0.35267,0.00129,-56.76,5.76166,-77.325
2024-12-27T06:59:39Z,19.22,0.33991,0.00102,-53.76,6.01234,-79.391
2024-12-27T07:14:39Z,19.25,0.33065,0.00102,-50.76,6.26303,-80.708
2024-12-27T07:29:39Z,19.26,0.32762,0.00129,-47.74,6.51371,-80.944
2024-12-27T07:44:39Z,19.26,0.32762,0.00149,-44.73,6.76439,-80.02
2024-12-27T07:59:39Z,19.28,0.32164,0.00163,-41.71,7.01508,-78.207
2024-12-27T08:14:39Z,19.29,0.31869,0.00076,-38.7,7.26576,-75.844
2024-12-27T08:29:39Z,19.29,0.31869,5e-05,-35.69,7.51645,-73.163
2024-12-27T08:44:39Z,19.3,0.31577,0.0001,-32.69,7.76713,-70.294
2024-12-27T08:59:39Z,19.31,0.31287,5e-05,-29.71,8.01782,-67.312
2024-12-27T09:14:39Z,19.3,0.31577,2e-05,-26.73,8.2685,-64.257
2024-12-27T09:29:39Z,19.3,0.31577,9e-05,-23.78,8.51919,-61.156
2024-12-27T09:44:39Z,19.31,0.31287,5e-05,-20.84,8.76987,-58.025
2024-12-27T09:59:39Z,19.31,0.31287,0.0001,-17.92,9.02055,-54.875
2024-12-27T10:14:39Z,19.31,0.31287,5e-05,-15.03,9.27124,-51.714
2024-12-27T10:29:39Z,19.31,0.31287,2e-05,-12.17,9.52192,-48.546
2024-12-27T10:44:39Z,19.32,0.31,1e-05,-9.33,9.77261,-45.378
2024-12-27T10:59:39Z,19.31,0.31287,1e-05,-6.53,10.02329,-42.212
2024-12-27T11:14:39Z,19.31,0.31287,6e-05,-3.77,10.27398,-39.052
2024-12-27T11:29:39Z,19.31,0.31287,5e-05,-1.06,10.52466,-35.901
2024-12-27T11:44:39Z,19.31,0.31287,6e-05,1.62,10.77535,-32.761
2024-12-27T11:59:39Z,19.31,0.31287,1e-05,4.23,11.02603,-29.636
2024-12-27T12:14:39Z,19.3,0.31577,1e-05,6.79,11.27672,-26.527
2024-12-27T12:29:39Z,19.27,0.32461,1e-05,9.29,11.5274,-23.437
2024-12-27T12:44:39Z,19.3,0.31577,4e-05,11.71,11.77808,-20.369
2024-12-27T12:59:39Z,19.26,0.32762,0.00061,14.05,12.02877,-17.326
2024-12-27T13:14:39Z,19.22,0.33991,0.00088,16.31,12.27945,-14.31
2024-12-27T13:29:39Z,18.63,0.58528,0.00093,18.47,12.53014,-11.326
2024-12-27T13:44:39Z,16.19,5.53816,0.02853,20.52,12.78082,-8.376
2024-12-27T13:59:39Z,12.68,140.39952,0.35029,22.46,13.03151,-5.464
2024-12-28T00:44:40Z,11.22,538.72313,0.04782,-36.25,23.81122,-4.221
2024-12-28T00:59:40Z,15.07,15.53694,0.30677,-39.26,0.0619,-7.115
2024-12-28T01:14:40Z,17.89,1.15709,0.07945,-42.28,0.31259,-10.049
2024-12-28T01:29:40Z,18.87,0.46921,0.00102,-45.3,0.56327,-13.019
2024-12-28T01:44:40Z,18.98,0.424,5e-05,-48.33,0.81396,-16.021
2024-12-28T01:59:40Z,19.0,0.41626,2e-05,-51.37,1.06464,-19.053
2024-12-28T02:14:40Z,19.0,0.41626,2e-05,-54.4,1.31533,-22.111
2024-12-28T02:29:40Z,19.01,0.41244,2e-05,-57.43,1.56601,-25.192
2024-12-28T02:44:40Z,19.01,0.41244,2e-05,-60.45,1.81669,-28.293
2024-12-28T02:59:40Z,19.02,0.40866,2e-05,-63.46,2.06738,-31.411
2024-12-28T03:14:40Z,19.02,0.40866,4e-05,-66.46,2.31806,-34.545
2024-12-28T03:29:40Z,19.03,0.40492,1e-05,-69.42,2.56875,-37.692
2024-12-28T03:44:40Z,19.03,0.40492,1e-05,-72.33,2.81943,-40.848
2024-12-28T03:59:40Z,19.03,0.40492,1e-05,-75.16,3.07012,-44.011
2024-12-28T04:14:40Z,19.04,0.4012,0.00018,-77.86,3.3208,-47.179
2024-12-28T04:29:40Z,19.05,0.39753,0.00026,-80.3,3.57149,-50.346
2024-12-28T04:44:40Z,19.06,0.39388,0.0003,-82.25,3.82217,-53.511
2024-12-28T04:59:40Z,19.07,0.39027,6e-05,-83.25,4.07286,-56.666
2024-12-28T05:14:37Z,19.12,0.37271,2e-05,-82.89,4.3227,-59.795
2024-12-28T05:29:37Z,19.14,0.3659,2e-05,-81.35,4.57339,-62.909
2024-12-28T05:44:37Z,19.16,0.35922,4e-05,-79.11,4.82407,-65.984
2024-12-28T05:59:38Z,19.17,0.35593,2e-05,-76.52,5.07504,-69.003
2024-12-28T06:14:37Z,19.19,0.34943,2e-05,-73.76,5.32544,-71.92
2024-12-28T06:29:38Z,19.21,0.34306,0.00021,-70.89,5.57641,-74.693
2024-12-28T06:44:38Z,19.22,0.33991,0.00032,-67.96,5.82709,-77.209
2024-12-28T06:59:38Z,19.24,0.33371,0.00041,-64.99,6.07777,-79.288
2024-12-28T07:14:38Z,19.26,0.32762,0.0007,-62.01,6.32846,-80.631
2024-12-28T07:29:38Z,19.26,0.32762,0.00083,-59.01,6.57914,-80.905
2024-12-28T07:44:38Z,19.27,0.32461,0.00058,-56.0,6.82983,-80.022
2024-12-28T07:59:38Z,19.28,0.32164,0.00049,-52.99,7.08051,-78.24
2024-12-28T08:14:38Z,19.28,0.32164,0.00022,-49.98,7.3312,-75.896
2024-12-28T08:29:38Z,19.28,0.32164,4e-05,-46.97,7.58188,-73.227
2024-12-28T08:44:38Z,19.3,0.31577,1e-05,-43.97,7.83257,-70.366
2024-12-28T08:59:38Z,19.3,0.31577,9e-05,-40.98,8.08325,-67.389
2024-12-28T09:14:38Z,19.31,0.31287,9e-05,-38.0,8.33393,-64.339
2024-12-28T09:29:38Z,19.31,0.31287,8e-05,-35.03,8.58462,-61.24
2024-12-28T09:44:38Z,19.31,0.31287,5e-05,-32.08,8.8353,-58.111
2024-12-28T09:59:38Z,19.31,0.31287,2e-05,-29.14,9.08599,-54.962
2024-12-28T10:14:38Z,19.32,0.31,1e-05,-26.22,9.33667,-51.8
2024-12-28T10:29:38Z,19.31,0.31287,1e-05,-23.33,9.58736,-48.633
2024-12-28T10:44:38Z,19.31,0.31287,6e-05,-20.45,9.83804,-45.465
2024-12-28T10:59:38Z,19.31,0.31287,5e-05,-17.6,10.08873,-42.299
2024-12-28T11:14:38Z,19.32,0.31,6e-05,-14.79,10.33941,-39.138
2024-12-28T11:29:38Z,19.31,0.31287,1e-05,-12.0,10.5901,-35.986
2024-12-28T11:44:38Z,19.31,0.31287,6e-05,-9.25,10.84078,-32.846
2024-12-28T11:59:38Z,19.31,0.31287,5e-05,-6.54,11.09146,-29.719
2024-12-28T12:14:38Z,19.32,0.31,6e-05,-3.87,11.34215,-26.609
2024-12-28T12:29:38Z,19.32,0.31,1e-05,-1.25,11.59283,-23.518
2024-12-28T12:44:38Z,19.31,0.31287,2e-05,1.32,11.84352,-20.448
2024-12-28T12:59:38Z,19.32,0.31,5e-05,3.83,12.0942,-17.403
2024-12-28T13:14:38Z,19.27,0.32461,0.0001,6.28,12.34489,-14.386
2024-12-28T13:29:38Z,18.67,0.56411,0.00042,8.65,12.59557,-11.399
2024-12-28T13:44:38Z,16.42,4.4809,0.03489,10.95,12.84626,-8.447
2024-12-28T13:59:38Z,12.71,136.57324,0.25813,13.16,13.09694,-5.533
2024-12-29T00:44:38Z,11.02,647.68766,0.16778,-26.87,23.87637,-4.09
2024-12-29T00:59:38Z,14.78,20.2939,0.64637,-29.78,0.12706,-6.983
2024-12-29T01:14:38Z,17.72,1.35321,0.03762,-32.72,0.37774,-9.917
2024-12-29T01:29:38Z,18.24,0.83823,0.00265,-35.66,0.62843,-12.887
2024-12-29T01:44:38Z,18.13,0.92761,0.0117,-38.63,0.87911,-15.889
2024-12-29T01:59:38Z,18.11,0.94486,0.00265,-41.6,1.1298,-18.921
2024-12-29T02:14:38Z,17.96,1.08484,0.00666,-44.59,1.38048,-21.978
2024-12-29T02:29:38Z,17.8,1.25709,0.00026,-47.59,1.63117,-25.059
2024-12-29T02:44:38Z,17.85,1.20051,0.00098,-50.59,1.88185,-28.16
2024-12-29T02:59:38Z,17.9,1.14648,0.0005,-53.6,2.13253,-31.279
2024-12-29T03:14:38Z,17.91,1.13597,0.00028,-56.61,2.38322,-34.413
2024-12-29T03:29:38Z,17.87,1.1786,0.00426,-59.63,2.6339,-37.559
2024-12-29T03:44:38Z,17.88,1.16779,0.03872,-62.65,2.88459,-40.715
2024-12-29T03:59:38Z,17.87,1.1786,0.03801,-65.66,3.13527,-43.879
2024-12-29T04:14:38Z,17.91,1.13597,0.05135,-68.66,3.38596,-47.046
2024-12-29T04:29:38Z,17.76,1.30426,0.01499,-71.65,3.63664,-50.214
2024-12-29T04:44:38Z,18.16,0.90233,0.0016,-74.6,3.88733,-53.378
2024-12-29T04:59:38Z,18.25,0.83055,0.00146,-77.51,4.13801,-56.533
2024-12-29T05:14:36Z,18.32,0.77869,0.00133,-80.31,4.38814,-59.666
2024-12-29T05:29:36Z,18.46,0.68449,0.0005,-82.88,4.63882,-62.78
2024-12-29T05:44:36Z,18.5,0.65973,0.00437,-84.88,4.88951,-65.855
2024-12-29T05:59:36Z,18.58,0.61287,0.01133,-85.45,5.14019,-68.87
2024-12-29T06:14:36Z,18.65,0.5746,0.00978,-84.15,5.39088,-71.792
2024-12-29T06:29:36Z,18.69,0.55382,0.05624,-81.84,5.64156,-74.564
2024-12-29T06:44:36Z,18.91,0.45224,0.05692,-79.15,5.89224,-77.086
2024-12-29T06:59:36Z,18.87,0.46921,0.07001,-76.3,6.14293,-79.177
2024-12-29T07:14:36Z,18.93,0.44398,0.06402,-73.37,6.39361,-80.545
2024-12-29T07:29:36Z,18.79,0.50509,0.05121,-70.41,6.6443,-80.858
2024-12-29T07:44:36Z,18.89,0.46064,0.03936,-67.42,6.89498,-80.016
2024-12-29T07:59:36Z,18.85,0.47793,0.0207,-64.42,7.14567,-78.266
2024-12-29T08:14:36Z,18.88,0.46491,0.0255,-61.42,7.39635,-75.944
2024-12-29T08:29:36Z,18.91,0.45224,0.00786,-58.41,7.64704,-73.289
2024-12-29T08:44:36Z,18.98,0.424,0.00308,-55.41,7.89772,-70.437
2024-12-29T08:59:36Z,18.94,0.43991,0.00026,-52.41,8.14841,-67.466
2024-12-29T09:14:36Z,19.06,0.39388,0.00173,-49.41,8.39909,-64.419
2024-12-29T09:29:36Z,19.04,0.4012,0.00396,-46.43,8.64977,-61.323
2024-12-29T09:44:36Z,18.93,0.44398,0.00473,-43.45,8.90046,-58.196
2024-12-29T09:59:36Z,18.81,0.49587,0.008,-40.49,9.15114,-55.047
2024-12-29T10:14:36Z,18.85,0.47793,0.0017,-37.54,9.40183,-51.887
2024-12-29T10:29:36Z,18.93,0.44398,0.00637,-34.6,9.65251,-48.72
2024-12-29T10:44:36Z,19.01,0.41244,0.00145,-31.68,9.9032,-45.551
2024-12-29T10:59:36Z,19.17,0.35593,0.00265,-28.78,10.15388,-42.385
2024-12-29T11:14:36Z,19.12,0.37271,0.00037,-25.91,10.40457,-39.224
2024-12-29T11:29:36Z,19.16,0.35922,0.00637,-23.05,10.65525,-36.071
2024-12-29T11:44:36Z,19.07,0.39027,0.00498,-20.22,10.90593,-32.93
2024-12-29T11:59:36Z,19.1,0.37963,0.0045,-17.42,11.15662,-29.802
2024-12-29T12:14:36Z,19.22,0.33991,0.00325,-14.64,11.4073,-26.691
2024-12-29T12:29:36Z,19.35,0.30155,0.00596,-11.91,11.65799,-23.598
2024-12-29T12:44:36Z,19.35,0.30155,0.00125,-9.21,11.90867,-20.527
2024-12-29T12:59:36Z,19.35,0.30155,0.00489,-6.55,12.15936,-17.48
2024-12-29T13:14:36Z,19.32,0.31,0.00105,-3.94,12.41004,-14.461
2024-12-29T13:29:36Z,18.85,0.47793,0.00137,-1.38,12.66073,-11.472
2024-12-29T13:44:36Z,16.77,3.24613,0.02142,1.13,12.91141,-8.517
2024-12-29T13:59:36Z,13.07,98.03149,0.25789,3.58,13.1621,-5.601
2024-12-30T00:44:36Z,10.57,980.31494,0.03845,-16.78,23.94153,-3.956
2024-12-30T00:59:36Z,14.37,29.60504,0.1845,-19.57,0.19221,-6.849
2024-12-30T01:14:36Z,17.39,1.83386,0.16562,-22.39,0.4429,-9.782
2024-12-30T01:29:36Z,18.86,0.47355,0.00553,-25.24,0.69358,-12.752
2024-12-30T01:44:36Z,19.08,0.38669,1e-05,-28.11,0.94427,-15.754
2024-12-30T01:59:36Z,19.08,0.38669,2e-05,-31.0,1.19495,-18.786
2024-12-30T02:14:36Z,19.08,0.38669,2e-05,-33.91,1.44564,-21.843
2024-12-30T02:29:36Z,19.08,0.38669,5e-05,-36.83,1.69632,-24.924
2024-12-30T02:44:36Z,19.09,0.38315,8e-05,-39.78,1.94701,-28.025
2024-12-30T02:59:36Z,19.09,0.38315,9e-05,-42.73,2.19769,-31.144
2024-12-30T03:14:36Z,19.1,0.37963,2e-05,-45.7,2.44837,-34.278
2024-12-30T03:29:36Z,19.09,0.38315,2e-05,-48.68,2.69906,-37.424
2024-12-30T03:44:36Z,19.1,0.37963,2e-05,-51.66,2.94974,-40.581
2024-12-30T03:59:36Z,19.11,0.37615,1e-05,-54.66,3.20043,-43.744
2024-12-30T04:14:36Z,19.13,0.36929,6e-05,-57.66,3.45111,-46.911
2024-12-30T04:29:36Z,19.14,0.3659,5e-05,-60.66,3.7018,-50.079
2024-12-30T04:44:36Z,19.15,0.36255,6e-05,-63.67,3.95248,-53.243
2024-12-30T04:59:36Z,19.15,0.36255,4e-05,-66.67,4.20317,-56.398
2024-12-30T05:14:34Z,19.17,0.35593,1e-05,-69.66,4.45329,-59.53
2024-12-30T05:29:34Z,19.18,0.35267,1e-05,-72.65,4.70398,-62.644
2024-12-30T05:44:34Z,19.19,0.34943,1e-05,-75.61,4.95466,-65.719
2024-12-30T05:59:34Z,19.21,0.34306,2e-05,-78.53,5.20535,-68.734
2024-12-30T06:14:34Z,19.23,0.33679,2e-05,-81.35,5.45603,-71.657
2024-12-30T06:29:34Z,19.25,0.33065,0.00025,-83.95,5.70672,-74.431
2024-12-30T06:44:34Z,19.26,0.32762,0.00039,-85.85,5.9574,-76.957
2024-12-30T06:59:34Z,19.28,0.32164,0.00081,-85.94,6.20809,-79.059
2024-12-30T07:14:34Z,19.3,0.31577,0.00081,-84.12,6.45877,-80.45
2024-12-30T07:29:34Z,19.3,0.31577,0.00062,-81.56,6.70945,-80.801
2024-12-30T07:44:34Z,19.31,0.31287,0.00041,-78.74,6.96014,-80.002
2024-12-30T07:59:34Z,19.31,0.31287,0.00037,-75.83,7.21082,-78.285
2024-12-30T08:14:34Z,19.32,0.31,0.00021,-72.87,7.46151,-75.985
2024-12-30T08:29:34Z,19.33,0.30716,2e-05,-69.89,7.71219,-73.345
2024-12-30T08:44:34Z,19.34,0.30434,2e-05,-66.89,7.96288,-70.502
2024-12-30T08:59:34Z,19.34,0.30434,1e-05,-63.89,8.21356,-67.537
2024-12-30T09:14:34Z,19.34,0.30434,1e-05,-60.88,8.46425,-64.495
2024-12-30T09:29:34Z,19.35,0.30155,1e-05,-57.88,8.71493,-61.402
2024-12-30T09:44:34Z,19.35,0.30155,4e-05,-54.88,8.96561,-58.276
2024-12-30T09:59:34Z,19.35,0.30155,2e-05,-51.88,9.2163,-55.129
2024-12-30T10:14:34Z,19.34,0.30434,2e-05,-48.9,9.46698,-51.969
2024-12-30T10:29:34Z,19.35,0.30155,1e-05,-45.92,9.71767,-48.803
2024-12-30T10:44:34Z,19.35,0.30155,6e-05,-42.95,9.96835,-45.634
2024-12-30T10:59:34Z,19.35,0.30155,5e-05,-39.99,10.21904,-42.467
2024-12-30T11:14:34Z,19.35,0.30155,6e-05,-37.05,10.46972,-39.306
2024-12-30T11:29:34Z,19.35,0.30155,1e-05,-34.12,10.72041,-36.152
2024-12-30T11:44:34Z,19.34,0.30434,1e-05,-31.21,10.97109,-33.01
2024-12-30T11:59:34Z,19.34,0.30434,1e-05,-28.32,11.22178,-29.881
2024-12-30T12:14:34Z,19.33,0.30716,2e-05,-25.44,11.47246,-26.768
2024-12-30T12:29:34Z,19.33,0.30716,2e-05,-22.6,11.72314,-23.674
2024-12-30T12:44:34Z,19.32,0.31,2e-05,-19.77,11.97383,-20.601
2024-12-30T12:59:34Z,19.32,0.31,2e-05,-16.98,12.22451,-17.552
2024-12-30T13:14:34Z,19.28,0.32164,2e-05,-14.22,12.4752,-14.531
2024-12-30T13:29:34Z,18.66,0.56933,0.00016,-11.49,12.72588,-11.54
2024-12-30T13:44:34Z,16.43,4.43982,0.03824,-8.8,12.97657,-8.583
2024-12-30T13:59:34Z,12.86,118.95032,0.24992,-6.15,13.22725,-5.664
2024-12-31T00:44:35Z,10.42,1125.55215,0.05271,-6.15,0.00696,-3.821
2024-12-31T00:59:34Z,14.21,34.30565,0.19989,-8.8,0.25737,-6.711
2024-12-31T01:14:35Z,17.3,1.99235,0.16933,-11.5,0.50833,-9.647
2024-12-31T01:29:35Z,18.79,0.50509,0.00493,-14.23,0.75902,-12.617
2024-12-31T01:44:35Z,19.01,0.41244,4e-05,-17.0,1.0097,-15.619
2024-12-31T01:59:35Z,19.02,0.40866,1e-05,-19.79,1.26039,-18.651
2024-12-31T02:14:35Z,19.02,0.40866,4e-05,-22.62,1.51107,-21.709
2024-12-31T02:29:35Z,19.02,0.40866,2e-05,-25.47,1.76176,-24.79
2024-12-31T02:44:35Z,19.03,0.40492,9e-05,-28.35,2.01244,-27.891
2024-12-31T02:59:35Z,19.04,0.4012,0.00013,-31.24,2.26312,-31.01
2024-12-31T03:14:35Z,19.04,0.4012,0.00013,-34.16,2.51381,-34.144
2024-12-31T03:29:35Z,19.05,0.39753,9e-05,-37.09,2.76449,-37.291
2024-12-31T03:44:35Z,19.08,0.38669,2e-05,-40.04,3.01518,-40.447
2024-12-31T03:59:35Z,19.09,0.38315,1e-05,-43.0,3.26586,-43.61
2024-12-31T04:14:35Z,19.09,0.38315,2e-05,-45.97,3.51655,-46.778
2024-12-31T04:29:35Z,19.1,0.37963,2e-05,-48.95,3.76723,-49.945
2024-12-31T04:44:35Z,19.11,0.37615,2e-05,-51.94,4.01792,-53.109
2024-12-31T04:59:35Z,19.13,0.36929,2e-05,-54.93,4.2686,-56.264
2024-12-31T05:14:32Z,19.14,0.3659,2e-05,-57.92,4.51845,-59.393
2024-12-31T05:29:32Z,19.16,0.35922,1e-05,-60.92,4.76913,-62.506
2024-12-31T05:44:32Z,19.17,0.35593,1e-05,-63.92,5.01982,-65.581
2024-12-31T05:59:33Z,19.19,0.34943,1e-05,-66.91,5.27078,-68.599
2024-12-31T06:14:33Z,19.21,0.34306,9e-05,-69.89,5.52147,-71.521
2024-12-31T06:29:33Z,19.23,0.33679,0.00016,-72.85,5.77215,-74.296
2024-12-31T06:44:33Z,19.24,0.33371,0.00036,-75.76,6.02283,-76.825
2024-12-31T06:59:33Z,19.25,0.33065,0.00056,-78.61,6.27352,-78.936
2024-12-31T07:14:33Z,19.28,0.32164,0.00056,-81.29,6.5242,-80.349
2024-12-31T07:29:33Z,19.29,0.31869,0.00067,-83.63,6.77489,-80.735
2024-12-31T07:44:33Z,19.29,0.31869,0.00082,-85.08,7.02557,-79.976
2024-12-31T07:59:33Z,19.3,0.31577,0.001,-84.82,7.27626,-78.293
2024-12-31T08:14:33Z,19.31,0.31287,0.00072,-83.05,7.52694,-76.017
2024-12-31T08:29:33Z,19.31,0.31287,2e-05,-80.58,7.77763,-73.391
2024-12-31T08:44:33Z,19.31,0.31287,4e-05,-77.84,8.02831,-70.559
2024-12-31T08:59:33Z,19.31,0.31287,1e-05,-74.97,8.279,-67.6
2024-12-31T09:14:33Z,19.32,0.31,1e-05,-72.03,8.52968,-64.562
2024-12-31T09:29:33Z,19.32,0.31,1e-05,-69.06,8.78036,-61.473
2024-12-31T09:44:33Z,19.31,0.31287,2e-05,-66.07,9.03105,-58.349
2024-12-31T09:59:33Z,18.97,0.42792,5e-05,-63.06,9.28173,-55.203
2024-12-31T10:14:33Z,19.09,0.38315,0.0117,-60.05,9.53242,-52.044
2024-12-31T10:29:33Z,19.23,0.33679,0.03969,-57.04,9.7831,-48.878
2024-12-31T10:44:33Z,19.26,0.32762,0.03386,-54.03,10.03379,-45.709
2024-12-31T10:59:33Z,19.3,0.31577,0.03386,-51.02,10.28447,-42.542
2024-12-31T11:14:33Z,19.26,0.32762,0.0009,-48.02,10.53516,-39.38
2024-12-31T11:29:33Z,19.19,0.34943,0.00072,-45.02,10.78584,-36.226
2024-12-31T11:44:33Z,19.13,0.36929,0.00044,-42.04,11.03653,-33.082
2024-12-31T11:59:33Z,19.25,0.33065,0.00081,-39.06,11.28721,-29.952
2024-12-31T12:14:33Z,19.33,0.30716,0.00465,-36.1,11.53789,-26.838
2024-12-31T12:29:33Z,19.34,0.30434,0.00242,-33.14,11.78858,-23.742
2024-12-31T12:44:33Z,19.33,0.30716,0.00677,-30.21,12.03926,-20.667
2024-12-31T12:59:33Z,19.33,0.30716,0.00013,-27.29,12.28995,-17.617
2024-12-31T13:14:33Z,19.26,0.32762,0.00065,-24.39,12.54063,-14.593
2024-12-31T13:29:33Z,18.74,0.52889,0.00042,-21.52,12.79132,-11.6
2024-12-31T13:44:33Z,16.59,3.83147,0.02245,-18.66,13.042,-8.641
2024-12-31T13:59:33Z,12.99,105.52749,0.2525,-15.84,13.29269,-5.719
